2026-05-03 09:43:11 - INFO - movies.movie_pipeline - Rip path: /mnt/bigbrother/Movies/Lincoln (2012)/rip
2026-05-03 09:43:11 - INFO - movies.movie_pipeline - MKV files found: ['Lincoln_t01.mkv']
2026-05-03 09:43:11 - INFO - core.ffmpeg_profiles - Detected BluRay/HD (1920x1080).
2026-05-03 09:43:11 - INFO - movies.movie_pipeline - Encoding main feature: /mnt/bigbrother/Movies/Lincoln (2012)/rip/Lincoln_t01.mkv → /mnt/bigbrother/Movies/Lincoln (2012)/Plex Movie Files/Lincoln (2012).mkv using profile bluray
2026-05-03 09:45:07 - INFO - movies.movie_pipeline - Rip path: /mnt/bigbrother/Movies/Ford v Ferrari (2019)/rip
2026-05-03 09:45:07 - INFO - movies.movie_pipeline - MKV files found: ['Ford.mkv']
2026-05-03 09:45:07 - INFO - core.ffmpeg_profiles - Detected 4K (3840x2160).
2026-05-03 09:45:07 - INFO - movies.movie_pipeline - Encoding main feature: /mnt/bigbrother/Movies/Ford v Ferrari (2019)/rip/Ford.mkv → /mnt/bigbrother/Movies/Ford v Ferrari (2019)/Plex Movie Files/Ford v Ferrari (2019).mkv using profile 4k
2026-05-03 09:47:49 - INFO - movies.movie_pipeline - Rip path: /mnt/bigbrother/Movies/Lincoln (2012)/rip
2026-05-03 09:47:49 - INFO - movies.movie_pipeline - MKV files found: ['Lincoln_t01.mkv']
2026-05-03 09:47:49 - INFO - core.ffmpeg_profiles - Detected BluRay/HD (1920x1080).
2026-05-03 09:47:49 - INFO - movies.movie_pipeline - Encoding main feature: /mnt/bigbrother/Movies/Lincoln (2012)/rip/Lincoln_t01.mkv → /mnt/bigbrother/Movies/Lincoln (2012)/Plex Movie Files/Lincoln (2012).mkv using profile bluray
2026-05-03 09:50:27 - INFO - movies.movie_pipeline - Rip path: /mnt/bigbrother/Movies/Lincoln (2012)/rip
2026-05-03 09:50:27 - INFO - movies.movie_pipeline - MKV files found: ['Lincoln_t01.mkv']
2026-05-03 09:50:27 - INFO - core.ffmpeg_profiles - Detected BluRay/HD (1920x1080).
2026-05-03 09:50:27 - INFO - movies.movie_pipeline - Encoding main feature: /mnt/bigbrother/Movies/Lincoln (2012)/rip/Lincoln_t01.mkv → /mnt/bigbrother/Movies/Lincoln (2012)/Plex Movie Files/Lincoln (2012).mkv using profile bluray
2026-05-03 09:52:13 - INFO - movies.movie_pipeline - Rip path: /mnt/bigbrother/Movies/Lincoln (2012)/rip
2026-05-03 09:52:13 - INFO - movies.movie_pipeline - MKV files found: ['Lincoln_t01.mkv']
2026-05-03 09:52:13 - INFO - core.ffmpeg_profiles - Detected BluRay/HD (1920x1080).
2026-05-03 09:52:13 - INFO - movies.movie_pipeline - Encoding main feature: /mnt/bigbrother/Movies/Lincoln (2012)/rip/Lincoln_t01.mkv → /mnt/bigbrother/Movies/Lincoln (2012)/Plex Movie Files/Lincoln (2012).mkv using profile bluray
2026-05-03 09:55:16 - INFO - movies.movie_pipeline - Rip path: /mnt/bigbrother/Movies/Lincoln (2012)/rip
2026-05-03 09:55:16 - INFO - movies.movie_pipeline - MKV files found: ['Lincoln_t01.mkv']
2026-05-03 09:55:16 - INFO - core.ffmpeg_profiles - Detected BluRay/HD (1920x1080).
2026-05-03 09:55:16 - INFO - movies.movie_pipeline - Encoding main feature: /mnt/bigbrother/Movies/Lincoln (2012)/rip/Lincoln_t01.mkv → /mnt/bigbrother/Movies/Lincoln (2012)/Plex Movie Files/Lincoln (2012).mkv using profile bluray
2026-05-03 09:55:16 - INFO - core.ffmpeg_runner - FFmpeg CMD: ffmpeg -hide_banner -nostdin -y -vaapi_device /dev/dri/renderD128 -i '/mnt/bigbrother/Movies/Lincoln (2012)/rip/Lincoln_t01.mkv' -map 0:v:0 -map 0:a -map 0:4 -map_metadata -1 -vf format=nv12,hwupload -c:v hevc_vaapi -rc_mode CQP -qp 22 -profile:v main -c:a copy -metadata:s:a:0 language=eng -metadata:s:a:1 language=eng -metadata:s:a:2 language=eng -c:s copy -disposition:s:0 0 -metadata:s:s:0 language=eng -disposition:a:0 default -max_muxing_queue_size 9999 '/mnt/bigbrother/Movies/Lincoln (2012)/Plex Movie Files/Lincoln (2012).mkv'
2026-05-03 09:56:01 - INFO - movies.movie_pipeline - Rip path: /mnt/bigbrother/Movies/Ford v Ferrari (2019)/rip
2026-05-03 09:56:01 - INFO - movies.movie_pipeline - MKV files found: ['Ford.mkv']
2026-05-03 09:56:01 - INFO - core.ffmpeg_profiles - Detected 4K (3840x2160).
2026-05-03 09:56:01 - INFO - movies.movie_pipeline - Encoding main feature: /mnt/bigbrother/Movies/Ford v Ferrari (2019)/rip/Ford.mkv → /mnt/bigbrother/Movies/Ford v Ferrari (2019)/Plex Movie Files/Ford v Ferrari (2019).mkv using profile 4k
2026-05-03 09:56:01 - INFO - core.ffmpeg_runner - FFmpeg CMD: ffmpeg -hide_banner -nostdin -y -vaapi_device /dev/dri/renderD128 -i '/mnt/bigbrother/Movies/Ford v Ferrari (2019)/rip/Ford.mkv' -map 0:v:0 -map 0:a -map 0:5 -map_metadata -1 -vf format=p010,hwupload -c:v hevc_vaapi -rc_mode CQP -qp 24 -profile:v main10 -c:a copy -metadata:s:a:0 language=eng -metadata:s:a:1 language=eng -metadata:s:a:2 language=eng -metadata:s:a:3 language=eng -c:s copy -disposition:s:0 0 -metadata:s:s:0 language=eng -disposition:a:2 default -max_muxing_queue_size 9999 '/mnt/bigbrother/Movies/Ford v Ferrari (2019)/Plex Movie Files/Ford v Ferrari (2019).mkv'
2026-05-03 09:56:20 - INFO - core.ffmpeg_runner - Encode succeeded: /mnt/bigbrother/Movies/Ford v Ferrari (2019)/Plex Movie Files/Ford v Ferrari (2019).mkv (82.9 MB)
2026-05-04 08:37:37 - INFO - tv.disc_parser - Parsed 74 MKV titles from /mnt/bigbrother/TV/Monty Python's Flying Circus/rip
2026-05-04 08:37:37 - INFO - core.ffmpeg_profiles - Detected SD/DVD (720x480).
2026-05-04 08:37:37 - INFO - tv.tv_pipeline - Skipping (already encoded): /mnt/bigbrother/TV/Monty Python's Flying Circus/process/staging/S1D1/C1_t00.mkv
2026-05-04 08:37:38 - INFO - core.ffmpeg_profiles - Detected SD/DVD (720x480).
2026-05-04 08:37:38 - INFO - tv.tv_pipeline - Skipping (already encoded): /mnt/bigbrother/TV/Monty Python's Flying Circus/process/staging/S1D1/D2_t01.mkv
2026-05-04 08:37:38 - INFO - core.ffmpeg_profiles - Detected SD/DVD (720x480).
2026-05-04 08:37:38 - INFO - tv.tv_pipeline - Skipping (already encoded): /mnt/bigbrother/TV/Monty Python's Flying Circus/process/staging/S1D1/D3_t02.mkv
2026-05-04 08:37:38 - INFO - core.ffmpeg_profiles - Detected SD/DVD (720x480).
2026-05-04 08:37:38 - INFO - tv.tv_pipeline - Skipping (already encoded): /mnt/bigbrother/TV/Monty Python's Flying Circus/process/staging/S1D1/D4_t03.mkv
2026-05-04 08:37:38 - INFO - core.ffmpeg_profiles - Detected SD/DVD (720x480).
2026-05-04 08:37:38 - INFO - tv.tv_pipeline - Skipping (already encoded): /mnt/bigbrother/TV/Monty Python's Flying Circus/process/staging/S1D1/D5_t04.mkv
2026-05-04 08:37:38 - INFO - core.ffmpeg_profiles - Detected SD/DVD (720x480).
2026-05-04 08:37:38 - INFO - tv.tv_pipeline - Skipping (already encoded): /mnt/bigbrother/TV/Monty Python's Flying Circus/process/staging/S1D1/D6_t05.mkv
2026-05-04 08:37:38 - INFO - core.ffmpeg_profiles - Detected SD/DVD (720x480).
2026-05-04 08:37:38 - INFO - tv.tv_pipeline - Skipping (already encoded): /mnt/bigbrother/TV/Monty Python's Flying Circus/process/staging/S1D1/C1_t06.mkv
2026-05-04 08:37:38 - INFO - core.ffmpeg_profiles - Detected SD/DVD (720x480).
2026-05-04 08:37:38 - INFO - tv.tv_pipeline - Skipping (already encoded): /mnt/bigbrother/TV/Monty Python's Flying Circus/process/staging/S1D2/E1_t00.mkv
2026-05-04 08:37:38 - INFO - core.ffmpeg_profiles - Detected SD/DVD (720x480).
2026-05-04 08:37:38 - INFO - tv.tv_pipeline - Skipping (already encoded): /mnt/bigbrother/TV/Monty Python's Flying Circus/process/staging/S1D2/E2_t01.mkv
2026-05-04 08:37:38 - INFO - core.ffmpeg_profiles - Detected SD/DVD (720x480).
2026-05-04 08:37:38 - INFO - tv.tv_pipeline - Skipping (already encoded): /mnt/bigbrother/TV/Monty Python's Flying Circus/process/staging/S1D2/C1_t02.mkv
2026-05-04 08:37:38 - INFO - core.ffmpeg_profiles - Detected SD/DVD (720x480).
2026-05-04 08:37:38 - INFO - tv.tv_pipeline - Skipping (already encoded): /mnt/bigbrother/TV/Monty Python's Flying Circus/process/staging/S1D2/D2_t03.mkv
2026-05-04 08:37:38 - INFO - core.ffmpeg_profiles - Detected SD/DVD (720x480).
2026-05-04 08:37:38 - INFO - tv.tv_pipeline - Skipping (already encoded): /mnt/bigbrother/TV/Monty Python's Flying Circus/process/staging/S1D2/D3_t04.mkv
2026-05-04 08:37:38 - INFO - core.ffmpeg_profiles - Detected SD/DVD (720x480).
2026-05-04 08:37:38 - INFO - tv.tv_pipeline - Skipping (already encoded): /mnt/bigbrother/TV/Monty Python's Flying Circus/process/staging/S1D2/D4_t05.mkv
2026-05-04 08:37:38 - INFO - core.ffmpeg_profiles - Detected SD/DVD (720x480).
2026-05-04 08:37:38 - INFO - tv.tv_pipeline - Skipping (already encoded): /mnt/bigbrother/TV/Monty Python's Flying Circus/process/staging/S1D2/D5_t06.mkv
2026-05-04 08:37:38 - INFO - core.ffmpeg_profiles - Detected SD/DVD (720x480).
2026-05-04 08:37:38 - INFO - tv.tv_pipeline - Skipping (already encoded): /mnt/bigbrother/TV/Monty Python's Flying Circus/process/staging/S1D2/D6_t07.mkv
2026-05-04 08:37:38 - INFO - core.ffmpeg_profiles - Detected SD/DVD (720x480).
2026-05-04 08:37:38 - INFO - tv.tv_pipeline - Skipping (already encoded): /mnt/bigbrother/TV/Monty Python's Flying Circus/process/staging/S1D2/E3_t08.mkv
2026-05-04 08:37:38 - INFO - core.ffmpeg_profiles - Detected SD/DVD (720x480).
2026-05-04 08:37:38 - INFO - tv.tv_pipeline - Skipping (already encoded): /mnt/bigbrother/TV/Monty Python's Flying Circus/process/staging/S1D2/E4_t09.mkv
2026-05-04 08:37:38 - INFO - core.ffmpeg_profiles - Detected SD/DVD (720x480).
2026-05-04 08:37:38 - INFO - tv.tv_pipeline - Skipping (already encoded): /mnt/bigbrother/TV/Monty Python's Flying Circus/process/staging/S2D1/C1_t00.mkv
2026-05-04 08:37:38 - INFO - core.ffmpeg_profiles - Detected SD/DVD (720x480).
2026-05-04 08:37:38 - INFO - tv.tv_pipeline - Skipping (already encoded): /mnt/bigbrother/TV/Monty Python's Flying Circus/process/staging/S2D1/D2_t01.mkv
2026-05-04 08:37:38 - INFO - core.ffmpeg_profiles - Detected SD/DVD (720x480).
2026-05-04 08:37:38 - INFO - tv.tv_pipeline - Skipping (already encoded): /mnt/bigbrother/TV/Monty Python's Flying Circus/process/staging/S2D1/D3_t02.mkv
2026-05-04 08:37:38 - INFO - core.ffmpeg_profiles - Detected SD/DVD (720x480).
2026-05-04 08:37:38 - INFO - tv.tv_pipeline - Skipping (already encoded): /mnt/bigbrother/TV/Monty Python's Flying Circus/process/staging/S2D1/D4_t03.mkv
2026-05-04 08:37:38 - INFO - core.ffmpeg_profiles - Detected SD/DVD (720x480).
2026-05-04 08:37:38 - INFO - tv.tv_pipeline - Skipping (already encoded): /mnt/bigbrother/TV/Monty Python's Flying Circus/process/staging/S2D1/D5_t04.mkv
2026-05-04 08:37:38 - INFO - core.ffmpeg_profiles - Detected SD/DVD (720x480).
2026-05-04 08:37:38 - INFO - tv.tv_pipeline - Skipping (already encoded): /mnt/bigbrother/TV/Monty Python's Flying Circus/process/staging/S2D1/D6_t05.mkv
2026-05-04 08:37:38 - INFO - core.ffmpeg_profiles - Detected SD/DVD (720x480).
2026-05-04 08:37:38 - INFO - tv.tv_pipeline - Skipping (already encoded): /mnt/bigbrother/TV/Monty Python's Flying Circus/process/staging/S2D1/C1_t06.mkv
2026-05-04 08:37:38 - INFO - core.ffmpeg_profiles - Detected SD/DVD (720x480).
2026-05-04 08:37:38 - INFO - tv.tv_pipeline - Skipping (already encoded): /mnt/bigbrother/TV/Monty Python's Flying Circus/process/staging/S2D2/E7_t00.mkv
2026-05-04 08:37:38 - INFO - core.ffmpeg_profiles - Detected SD/DVD (720x480).
2026-05-04 08:37:38 - INFO - tv.tv_pipeline - Skipping (already encoded): /mnt/bigbrother/TV/Monty Python's Flying Circus/process/staging/S2D2/E11_t01.mkv
2026-05-04 08:37:38 - INFO - core.ffmpeg_profiles - Detected SD/DVD (720x480).
2026-05-04 08:37:38 - INFO - tv.tv_pipeline - Skipping (already encoded): /mnt/bigbrother/TV/Monty Python's Flying Circus/process/staging/S2D2/C1_t02.mkv
2026-05-04 08:37:38 - INFO - core.ffmpeg_profiles - Detected SD/DVD (720x480).
2026-05-04 08:37:38 - INFO - tv.tv_pipeline - Skipping (already encoded): /mnt/bigbrother/TV/Monty Python's Flying Circus/process/staging/S2D2/D2_t03.mkv
2026-05-04 08:37:38 - INFO - core.ffmpeg_profiles - Detected SD/DVD (720x480).
2026-05-04 08:37:38 - INFO - tv.tv_pipeline - Skipping (already encoded): /mnt/bigbrother/TV/Monty Python's Flying Circus/process/staging/S2D2/D3_t04.mkv
2026-05-04 08:37:38 - INFO - core.ffmpeg_profiles - Detected SD/DVD (720x480).
2026-05-04 08:37:38 - INFO - tv.tv_pipeline - Skipping (already encoded): /mnt/bigbrother/TV/Monty Python's Flying Circus/process/staging/S2D2/D4_t05.mkv
2026-05-04 08:37:38 - INFO - core.ffmpeg_profiles - Detected SD/DVD (720x480).
2026-05-04 08:37:38 - INFO - tv.tv_pipeline - Skipping (already encoded): /mnt/bigbrother/TV/Monty Python's Flying Circus/process/staging/S2D2/D5_t06.mkv
2026-05-04 08:37:38 - INFO - core.ffmpeg_profiles - Detected SD/DVD (720x480).
2026-05-04 08:37:38 - INFO - tv.tv_pipeline - Skipping (already encoded): /mnt/bigbrother/TV/Monty Python's Flying Circus/process/staging/S2D2/D6_t07.mkv
2026-05-04 08:37:38 - INFO - core.ffmpeg_profiles - Detected SD/DVD (720x480).
2026-05-04 08:37:38 - INFO - tv.tv_pipeline - Skipping (already encoded): /mnt/bigbrother/TV/Monty Python's Flying Circus/process/staging/S2D2/E1_t08.mkv
2026-05-04 08:37:38 - INFO - core.ffmpeg_profiles - Detected SD/DVD (720x480).
2026-05-04 08:37:38 - INFO - tv.tv_pipeline - Skipping (already encoded): /mnt/bigbrother/TV/Monty Python's Flying Circus/process/staging/S2D2/E2_t09.mkv
2026-05-04 08:37:38 - INFO - core.ffmpeg_profiles - Detected SD/DVD (720x480).
2026-05-04 08:37:38 - INFO - tv.tv_pipeline - Skipping (already encoded): /mnt/bigbrother/TV/Monty Python's Flying Circus/process/staging/S2D2/E3_t10.mkv
2026-05-04 08:37:38 - INFO - core.ffmpeg_profiles - Detected SD/DVD (720x480).
2026-05-04 08:37:38 - INFO - tv.tv_pipeline - Skipping (already encoded): /mnt/bigbrother/TV/Monty Python's Flying Circus/process/staging/S2D2/E4_t11.mkv
2026-05-04 08:37:38 - INFO - core.ffmpeg_profiles - Detected SD/DVD (720x480).
2026-05-04 08:37:38 - INFO - tv.tv_pipeline - Skipping (already encoded): /mnt/bigbrother/TV/Monty Python's Flying Circus/process/staging/S2D2/E8_t12.mkv
2026-05-04 08:37:38 - INFO - core.ffmpeg_profiles - Detected SD/DVD (720x480).
2026-05-04 08:37:38 - INFO - tv.tv_pipeline - Skipping (already encoded): /mnt/bigbrother/TV/Monty Python's Flying Circus/process/staging/S2D2/E9_t13.mkv
2026-05-04 08:37:38 - INFO - core.ffmpeg_profiles - Detected SD/DVD (720x480).
2026-05-04 08:37:38 - INFO - tv.tv_pipeline - Skipping (already encoded): /mnt/bigbrother/TV/Monty Python's Flying Circus/process/staging/S2D2/E10_t14.mkv
2026-05-04 08:37:38 - INFO - core.ffmpeg_profiles - Detected SD/DVD (720x480).
2026-05-04 08:37:38 - INFO - tv.tv_pipeline - Skipping (already encoded): /mnt/bigbrother/TV/Monty Python's Flying Circus/process/staging/S3D1/C1_t00.mkv
2026-05-04 08:37:38 - INFO - core.ffmpeg_profiles - Detected SD/DVD (720x480).
2026-05-04 08:37:38 - INFO - tv.tv_pipeline - Skipping (already encoded): /mnt/bigbrother/TV/Monty Python's Flying Circus/process/staging/S3D1/D2_t01.mkv
2026-05-04 08:37:38 - INFO - core.ffmpeg_profiles - Detected SD/DVD (720x480).
2026-05-04 08:37:38 - INFO - tv.tv_pipeline - Skipping (already encoded): /mnt/bigbrother/TV/Monty Python's Flying Circus/process/staging/S3D1/D3_t02.mkv
2026-05-04 08:37:38 - INFO - core.ffmpeg_profiles - Detected SD/DVD (720x480).
2026-05-04 08:37:38 - INFO - tv.tv_pipeline - Skipping (already encoded): /mnt/bigbrother/TV/Monty Python's Flying Circus/process/staging/S3D1/D4_t03.mkv
2026-05-04 08:37:38 - INFO - core.ffmpeg_profiles - Detected SD/DVD (720x480).
2026-05-04 08:37:38 - INFO - tv.tv_pipeline - Skipping (already encoded): /mnt/bigbrother/TV/Monty Python's Flying Circus/process/staging/S3D1/D5_t04.mkv
2026-05-04 08:37:38 - INFO - core.ffmpeg_profiles - Detected SD/DVD (720x480).
2026-05-04 08:37:38 - INFO - tv.tv_pipeline - Skipping (already encoded): /mnt/bigbrother/TV/Monty Python's Flying Circus/process/staging/S3D1/D6_t05.mkv
2026-05-04 08:37:38 - INFO - core.ffmpeg_profiles - Detected SD/DVD (720x480).
2026-05-04 08:37:38 - INFO - tv.tv_pipeline - Skipping (already encoded): /mnt/bigbrother/TV/Monty Python's Flying Circus/process/staging/S3D1/C1_t06.mkv
2026-05-04 08:37:38 - INFO - core.ffmpeg_profiles - Detected SD/DVD (720x480).
2026-05-04 08:37:38 - INFO - tv.tv_pipeline - Skipping (already encoded): /mnt/bigbrother/TV/Monty Python's Flying Circus/process/staging/S3D2/E2_t00.mkv
2026-05-04 08:37:38 - INFO - core.ffmpeg_profiles - Detected SD/DVD (720x480).
2026-05-04 08:37:38 - INFO - tv.tv_pipeline - Skipping (already encoded): /mnt/bigbrother/TV/Monty Python's Flying Circus/process/staging/S3D2/E3_t01.mkv
2026-05-04 08:37:38 - INFO - core.ffmpeg_profiles - Detected SD/DVD (720x480).
2026-05-04 08:37:38 - INFO - tv.tv_pipeline - Skipping (already encoded): /mnt/bigbrother/TV/Monty Python's Flying Circus/process/staging/S3D2/E4_t02.mkv
2026-05-04 08:37:38 - INFO - core.ffmpeg_profiles - Detected SD/DVD (720x480).
2026-05-04 08:37:38 - INFO - tv.tv_pipeline - Skipping (already encoded): /mnt/bigbrother/TV/Monty Python's Flying Circus/process/staging/S3D2/F1_t03.mkv
2026-05-04 08:37:38 - INFO - core.ffmpeg_profiles - Detected SD/DVD (720x480).
2026-05-04 08:37:38 - INFO - tv.tv_pipeline - Skipping (already encoded): /mnt/bigbrother/TV/Monty Python's Flying Circus/process/staging/S3D2/F7_t04.mkv
2026-05-04 08:37:38 - INFO - core.ffmpeg_profiles - Detected SD/DVD (720x480).
2026-05-04 08:37:38 - INFO - tv.tv_pipeline - Skipping (already encoded): /mnt/bigbrother/TV/Monty Python's Flying Circus/process/staging/S3D2/F8_t05.mkv
2026-05-04 08:37:38 - INFO - core.ffmpeg_profiles - Detected SD/DVD (720x480).
2026-05-04 08:37:38 - INFO - tv.tv_pipeline - Skipping (already encoded): /mnt/bigbrother/TV/Monty Python's Flying Circus/process/staging/S3D2/C1_t06.mkv
2026-05-04 08:37:38 - INFO - core.ffmpeg_profiles - Detected SD/DVD (720x480).
2026-05-04 08:37:38 - INFO - tv.tv_pipeline - Skipping (already encoded): /mnt/bigbrother/TV/Monty Python's Flying Circus/process/staging/S3D2/D2_t07.mkv
2026-05-04 08:37:38 - INFO - core.ffmpeg_profiles - Detected SD/DVD (720x480).
2026-05-04 08:37:38 - INFO - tv.tv_pipeline - Skipping (already encoded): /mnt/bigbrother/TV/Monty Python's Flying Circus/process/staging/S3D2/D3_t08.mkv
2026-05-04 08:37:38 - INFO - core.ffmpeg_profiles - Detected SD/DVD (720x480).
2026-05-04 08:37:38 - INFO - tv.tv_pipeline - Skipping (already encoded): /mnt/bigbrother/TV/Monty Python's Flying Circus/process/staging/S3D2/D4_t09.mkv
2026-05-04 08:37:38 - INFO - core.ffmpeg_profiles - Detected SD/DVD (720x480).
2026-05-04 08:37:38 - INFO - tv.tv_pipeline - Skipping (already encoded): /mnt/bigbrother/TV/Monty Python's Flying Circus/process/staging/S3D2/D5_t10.mkv
2026-05-04 08:37:38 - INFO - core.ffmpeg_profiles - Detected SD/DVD (720x480).
2026-05-04 08:37:38 - INFO - tv.tv_pipeline - Skipping (already encoded): /mnt/bigbrother/TV/Monty Python's Flying Circus/process/staging/S3D2/D6_t11.mkv
2026-05-04 08:37:38 - INFO - core.ffmpeg_profiles - Detected SD/DVD (720x480).
2026-05-04 08:37:38 - INFO - tv.tv_pipeline - Skipping (already encoded): /mnt/bigbrother/TV/Monty Python's Flying Circus/process/staging/S3D2/A36_t12.mkv
2026-05-04 08:37:38 - INFO - core.ffmpeg_profiles - Detected SD/DVD (720x480).
2026-05-04 08:37:38 - INFO - tv.tv_pipeline - Skipping (already encoded): /mnt/bigbrother/TV/Monty Python's Flying Circus/process/staging/S3D2/E5_t13.mkv
2026-05-04 08:37:38 - INFO - core.ffmpeg_profiles - Detected SD/DVD (720x480).
2026-05-04 08:37:38 - INFO - tv.tv_pipeline - Skipping (already encoded): /mnt/bigbrother/TV/Monty Python's Flying Circus/process/staging/S3D2/F5_t14.mkv
2026-05-04 08:37:38 - INFO - core.ffmpeg_profiles - Detected SD/DVD (720x480).
2026-05-04 08:37:38 - INFO - tv.tv_pipeline - Skipping (already encoded): /mnt/bigbrother/TV/Monty Python's Flying Circus/process/staging/S4D1/E8_t00.mkv
2026-05-04 08:37:38 - INFO - core.ffmpeg_profiles - Detected SD/DVD (720x480).
2026-05-04 08:37:38 - INFO - tv.tv_pipeline - Skipping (already encoded): /mnt/bigbrother/TV/Monty Python's Flying Circus/process/staging/S4D1/F3_t01.mkv
2026-05-04 08:37:38 - INFO - core.ffmpeg_profiles - Detected SD/DVD (720x480).
2026-05-04 08:37:38 - INFO - tv.tv_pipeline - Skipping (already encoded): /mnt/bigbrother/TV/Monty Python's Flying Circus/process/staging/S4D1/C1_t02.mkv
2026-05-04 08:37:38 - INFO - core.ffmpeg_profiles - Detected SD/DVD (720x480).
2026-05-04 08:37:38 - INFO - tv.tv_pipeline - Skipping (already encoded): /mnt/bigbrother/TV/Monty Python's Flying Circus/process/staging/S4D1/D2_t03.mkv
2026-05-04 08:37:38 - INFO - core.ffmpeg_profiles - Detected SD/DVD (720x480).
2026-05-04 08:37:38 - INFO - tv.tv_pipeline - Skipping (already encoded): /mnt/bigbrother/TV/Monty Python's Flying Circus/process/staging/S4D1/D3_t04.mkv
2026-05-04 08:37:38 - INFO - core.ffmpeg_profiles - Detected SD/DVD (720x480).
2026-05-04 08:37:38 - INFO - tv.tv_pipeline - Skipping (already encoded): /mnt/bigbrother/TV/Monty Python's Flying Circus/process/staging/S4D1/D4_t05.mkv
2026-05-04 08:37:38 - INFO - core.ffmpeg_profiles - Detected SD/DVD (720x480).
2026-05-04 08:37:38 - INFO - tv.tv_pipeline - Skipping (already encoded): /mnt/bigbrother/TV/Monty Python's Flying Circus/process/staging/S4D1/D5_t06.mkv
2026-05-04 08:37:38 - INFO - core.ffmpeg_profiles - Detected SD/DVD (720x480).
2026-05-04 08:37:38 - INFO - tv.tv_pipeline - Skipping (already encoded): /mnt/bigbrother/TV/Monty Python's Flying Circus/process/staging/S4D1/D6_t07.mkv
2026-05-04 08:37:38 - INFO - core.ffmpeg_profiles - Detected SD/DVD (720x480).
2026-05-04 08:37:38 - INFO - tv.tv_pipeline - Skipping (already encoded): /mnt/bigbrother/TV/Monty Python's Flying Circus/process/staging/S4D1/E1_t08.mkv
2026-05-04 08:37:38 - INFO - core.ffmpeg_profiles - Detected SD/DVD (720x480).
2026-05-04 08:37:38 - INFO - tv.tv_pipeline - Skipping (already encoded): /mnt/bigbrother/TV/Monty Python's Flying Circus/process/staging/S4D1/E2_t09.mkv
2026-05-04 08:37:38 - INFO - core.ffmpeg_profiles - Detected SD/DVD (720x480).
2026-05-04 08:37:38 - INFO - tv.tv_pipeline - Skipping (already encoded): /mnt/bigbrother/TV/Monty Python's Flying Circus/process/staging/S4D1/E5_t10.mkv
2026-05-04 08:37:38 - INFO - core.ffmpeg_profiles - Detected SD/DVD (720x480).
2026-05-04 08:37:38 - INFO - tv.tv_pipeline - Skipping (already encoded): /mnt/bigbrother/TV/Monty Python's Flying Circus/process/staging/S4D1/F2_t11.mkv
2026-05-04 08:37:38 - INFO - core.ffmpeg_profiles - Detected SD/DVD (720x480).
2026-05-04 08:37:38 - INFO - tv.tv_pipeline - Skipping (already encoded): /mnt/bigbrother/TV/Monty Python's Flying Circus/process/staging/S4D1/F4_t12.mkv
2026-05-04 08:37:38 - INFO - tv.tv_pipeline - Rendered sequential TV file: /mnt/bigbrother/TV/Monty Python's Flying Circus/Plex Movie Files/Season 1/Monty Python's Flying Circus S01E01_.mkv -> /mnt/bigbrother/TV/Monty Python's Flying Circus/process/staging/S1D1/C1_t00.mkv
2026-05-04 08:37:38 - INFO - tv.tv_pipeline - Rendered sequential TV file: /mnt/bigbrother/TV/Monty Python's Flying Circus/Plex Movie Files/Season 1/Monty Python's Flying Circus S01E02_.mkv -> /mnt/bigbrother/TV/Monty Python's Flying Circus/process/staging/S1D1/D2_t01.mkv
2026-05-04 08:37:38 - INFO - tv.tv_pipeline - Rendered sequential TV file: /mnt/bigbrother/TV/Monty Python's Flying Circus/Plex Movie Files/Season 1/Monty Python's Flying Circus S01E03_.mkv -> /mnt/bigbrother/TV/Monty Python's Flying Circus/process/staging/S1D1/D3_t02.mkv
2026-05-04 08:37:38 - INFO - tv.tv_pipeline - Rendered sequential TV file: /mnt/bigbrother/TV/Monty Python's Flying Circus/Plex Movie Files/Season 1/Monty Python's Flying Circus S01E04_.mkv -> /mnt/bigbrother/TV/Monty Python's Flying Circus/process/staging/S1D1/D4_t03.mkv
2026-05-04 08:37:38 - INFO - tv.tv_pipeline - Rendered sequential TV file: /mnt/bigbrother/TV/Monty Python's Flying Circus/Plex Movie Files/Season 1/Monty Python's Flying Circus S01E05_.mkv -> /mnt/bigbrother/TV/Monty Python's Flying Circus/process/staging/S1D1/D5_t04.mkv
2026-05-04 08:37:38 - INFO - tv.tv_pipeline - Rendered sequential TV file: /mnt/bigbrother/TV/Monty Python's Flying Circus/Plex Movie Files/Season 1/Monty Python's Flying Circus S01E06_.mkv -> /mnt/bigbrother/TV/Monty Python's Flying Circus/process/staging/S1D1/D6_t05.mkv
2026-05-04 08:37:38 - INFO - tv.tv_pipeline - Rendered sequential TV file: /mnt/bigbrother/TV/Monty Python's Flying Circus/Plex Movie Files/Season 1/Monty Python's Flying Circus S01E07_.mkv -> /mnt/bigbrother/TV/Monty Python's Flying Circus/process/staging/S1D1/C1_t06.mkv
2026-05-04 08:37:38 - INFO - tv.tv_pipeline - Rendered sequential TV file: /mnt/bigbrother/TV/Monty Python's Flying Circus/Plex Movie Files/Season 1/Monty Python's Flying Circus S01E08_.mkv -> /mnt/bigbrother/TV/Monty Python's Flying Circus/process/staging/S1D2/E1_t00.mkv
2026-05-04 08:37:38 - INFO - tv.tv_pipeline - Rendered sequential TV file: /mnt/bigbrother/TV/Monty Python's Flying Circus/Plex Movie Files/Season 1/Monty Python's Flying Circus S01E09_.mkv -> /mnt/bigbrother/TV/Monty Python's Flying Circus/process/staging/S1D2/E2_t01.mkv
2026-05-04 08:37:38 - INFO - tv.tv_pipeline - Rendered sequential TV file: /mnt/bigbrother/TV/Monty Python's Flying Circus/Plex Movie Files/Season 1/Monty Python's Flying Circus S01E10_.mkv -> /mnt/bigbrother/TV/Monty Python's Flying Circus/process/staging/S1D2/C1_t02.mkv
2026-05-04 08:37:38 - INFO - tv.tv_pipeline - Rendered sequential TV file: /mnt/bigbrother/TV/Monty Python's Flying Circus/Plex Movie Files/Season 1/Monty Python's Flying Circus S01E11_.mkv -> /mnt/bigbrother/TV/Monty Python's Flying Circus/process/staging/S1D2/D2_t03.mkv
2026-05-04 08:37:38 - INFO - tv.tv_pipeline - Rendered sequential TV file: /mnt/bigbrother/TV/Monty Python's Flying Circus/Plex Movie Files/Season 1/Monty Python's Flying Circus S01E12_.mkv -> /mnt/bigbrother/TV/Monty Python's Flying Circus/process/staging/S1D2/D3_t04.mkv
2026-05-04 08:37:38 - INFO - tv.tv_pipeline - Rendered sequential TV file: /mnt/bigbrother/TV/Monty Python's Flying Circus/Plex Movie Files/Season 1/Monty Python's Flying Circus S01E13_.mkv -> /mnt/bigbrother/TV/Monty Python's Flying Circus/process/staging/S1D2/D4_t05.mkv
2026-05-04 08:37:38 - INFO - tv.tv_pipeline - Rendered sequential TV file: /mnt/bigbrother/TV/Monty Python's Flying Circus/Plex Movie Files/Season 1/Monty Python's Flying Circus S01E14_.mkv -> /mnt/bigbrother/TV/Monty Python's Flying Circus/process/staging/S1D2/D5_t06.mkv
2026-05-04 08:37:38 - INFO - tv.tv_pipeline - Rendered sequential TV file: /mnt/bigbrother/TV/Monty Python's Flying Circus/Plex Movie Files/Season 1/Monty Python's Flying Circus S01E15_.mkv -> /mnt/bigbrother/TV/Monty Python's Flying Circus/process/staging/S1D2/D6_t07.mkv
2026-05-04 08:37:38 - INFO - tv.tv_pipeline - Rendered sequential TV file: /mnt/bigbrother/TV/Monty Python's Flying Circus/Plex Movie Files/Season 1/Monty Python's Flying Circus S01E16_.mkv -> /mnt/bigbrother/TV/Monty Python's Flying Circus/process/staging/S1D2/E3_t08.mkv
2026-05-04 08:37:38 - INFO - tv.tv_pipeline - Rendered sequential TV file: /mnt/bigbrother/TV/Monty Python's Flying Circus/Plex Movie Files/Season 1/Monty Python's Flying Circus S01E17_.mkv -> /mnt/bigbrother/TV/Monty Python's Flying Circus/process/staging/S1D2/E4_t09.mkv
2026-05-04 08:37:38 - INFO - tv.tv_pipeline - Rendered sequential TV file: /mnt/bigbrother/TV/Monty Python's Flying Circus/Plex Movie Files/Season 2/Monty Python's Flying Circus S02E01_.mkv -> /mnt/bigbrother/TV/Monty Python's Flying Circus/process/staging/S2D1/C1_t00.mkv
2026-05-04 08:37:38 - INFO - tv.tv_pipeline - Rendered sequential TV file: /mnt/bigbrother/TV/Monty Python's Flying Circus/Plex Movie Files/Season 2/Monty Python's Flying Circus S02E02_.mkv -> /mnt/bigbrother/TV/Monty Python's Flying Circus/process/staging/S2D1/D2_t01.mkv
2026-05-04 08:37:38 - INFO - tv.tv_pipeline - Rendered sequential TV file: /mnt/bigbrother/TV/Monty Python's Flying Circus/Plex Movie Files/Season 2/Monty Python's Flying Circus S02E03_.mkv -> /mnt/bigbrother/TV/Monty Python's Flying Circus/process/staging/S2D1/D3_t02.mkv
2026-05-04 08:37:38 - INFO - tv.tv_pipeline - Rendered sequential TV file: /mnt/bigbrother/TV/Monty Python's Flying Circus/Plex Movie Files/Season 2/Monty Python's Flying Circus S02E04_.mkv -> /mnt/bigbrother/TV/Monty Python's Flying Circus/process/staging/S2D1/D4_t03.mkv
2026-05-04 08:37:38 - INFO - tv.tv_pipeline - Rendered sequential TV file: /mnt/bigbrother/TV/Monty Python's Flying Circus/Plex Movie Files/Season 2/Monty Python's Flying Circus S02E05_.mkv -> /mnt/bigbrother/TV/Monty Python's Flying Circus/process/staging/S2D1/D5_t04.mkv
2026-05-04 08:37:38 - INFO - tv.tv_pipeline - Rendered sequential TV file: /mnt/bigbrother/TV/Monty Python's Flying Circus/Plex Movie Files/Season 2/Monty Python's Flying Circus S02E06_.mkv -> /mnt/bigbrother/TV/Monty Python's Flying Circus/process/staging/S2D1/D6_t05.mkv
2026-05-04 08:37:38 - INFO - tv.tv_pipeline - Rendered sequential TV file: /mnt/bigbrother/TV/Monty Python's Flying Circus/Plex Movie Files/Season 2/Monty Python's Flying Circus S02E07_.mkv -> /mnt/bigbrother/TV/Monty Python's Flying Circus/process/staging/S2D1/C1_t06.mkv
2026-05-04 08:37:38 - INFO - tv.tv_pipeline - Rendered sequential TV file: /mnt/bigbrother/TV/Monty Python's Flying Circus/Plex Movie Files/Season 2/Monty Python's Flying Circus S02E08_.mkv -> /mnt/bigbrother/TV/Monty Python's Flying Circus/process/staging/S2D2/E7_t00.mkv
2026-05-04 08:37:38 - INFO - tv.tv_pipeline - Rendered sequential TV file: /mnt/bigbrother/TV/Monty Python's Flying Circus/Plex Movie Files/Season 2/Monty Python's Flying Circus S02E09_.mkv -> /mnt/bigbrother/TV/Monty Python's Flying Circus/process/staging/S2D2/E11_t01.mkv
2026-05-04 08:37:38 - INFO - tv.tv_pipeline - Rendered sequential TV file: /mnt/bigbrother/TV/Monty Python's Flying Circus/Plex Movie Files/Season 2/Monty Python's Flying Circus S02E10_.mkv -> /mnt/bigbrother/TV/Monty Python's Flying Circus/process/staging/S2D2/C1_t02.mkv
2026-05-04 08:37:38 - INFO - tv.tv_pipeline - Rendered sequential TV file: /mnt/bigbrother/TV/Monty Python's Flying Circus/Plex Movie Files/Season 2/Monty Python's Flying Circus S02E11_.mkv -> /mnt/bigbrother/TV/Monty Python's Flying Circus/process/staging/S2D2/D2_t03.mkv
2026-05-04 08:37:38 - INFO - tv.tv_pipeline - Rendered sequential TV file: /mnt/bigbrother/TV/Monty Python's Flying Circus/Plex Movie Files/Season 2/Monty Python's Flying Circus S02E12_.mkv -> /mnt/bigbrother/TV/Monty Python's Flying Circus/process/staging/S2D2/D3_t04.mkv
2026-05-04 08:37:38 - INFO - tv.tv_pipeline - Rendered sequential TV file: /mnt/bigbrother/TV/Monty Python's Flying Circus/Plex Movie Files/Season 2/Monty Python's Flying Circus S02E13_.mkv -> /mnt/bigbrother/TV/Monty Python's Flying Circus/process/staging/S2D2/D4_t05.mkv
2026-05-04 08:37:38 - INFO - tv.tv_pipeline - Rendered sequential TV file: /mnt/bigbrother/TV/Monty Python's Flying Circus/Plex Movie Files/Season 2/Monty Python's Flying Circus S02E14_.mkv -> /mnt/bigbrother/TV/Monty Python's Flying Circus/process/staging/S2D2/D5_t06.mkv
2026-05-04 08:37:38 - INFO - tv.tv_pipeline - Rendered sequential TV file: /mnt/bigbrother/TV/Monty Python's Flying Circus/Plex Movie Files/Season 2/Monty Python's Flying Circus S02E15_.mkv -> /mnt/bigbrother/TV/Monty Python's Flying Circus/process/staging/S2D2/D6_t07.mkv
2026-05-04 08:37:38 - INFO - tv.tv_pipeline - Rendered sequential TV file: /mnt/bigbrother/TV/Monty Python's Flying Circus/Plex Movie Files/Season 2/Monty Python's Flying Circus S02E16_.mkv -> /mnt/bigbrother/TV/Monty Python's Flying Circus/process/staging/S2D2/E1_t08.mkv
2026-05-04 08:37:38 - INFO - tv.tv_pipeline - Rendered sequential TV file: /mnt/bigbrother/TV/Monty Python's Flying Circus/Plex Movie Files/Season 2/Monty Python's Flying Circus S02E17_.mkv -> /mnt/bigbrother/TV/Monty Python's Flying Circus/process/staging/S2D2/E2_t09.mkv
2026-05-04 08:37:38 - INFO - tv.tv_pipeline - Rendered sequential TV file: /mnt/bigbrother/TV/Monty Python's Flying Circus/Plex Movie Files/Season 2/Monty Python's Flying Circus S02E18_.mkv -> /mnt/bigbrother/TV/Monty Python's Flying Circus/process/staging/S2D2/E3_t10.mkv
2026-05-04 08:37:38 - INFO - tv.tv_pipeline - Rendered sequential TV file: /mnt/bigbrother/TV/Monty Python's Flying Circus/Plex Movie Files/Season 2/Monty Python's Flying Circus S02E19_.mkv -> /mnt/bigbrother/TV/Monty Python's Flying Circus/process/staging/S2D2/E4_t11.mkv
2026-05-04 08:37:38 - INFO - tv.tv_pipeline - Rendered sequential TV file: /mnt/bigbrother/TV/Monty Python's Flying Circus/Plex Movie Files/Season 2/Monty Python's Flying Circus S02E20_.mkv -> /mnt/bigbrother/TV/Monty Python's Flying Circus/process/staging/S2D2/E8_t12.mkv
2026-05-04 08:37:38 - INFO - tv.tv_pipeline - Rendered sequential TV file: /mnt/bigbrother/TV/Monty Python's Flying Circus/Plex Movie Files/Season 2/Monty Python's Flying Circus S02E21_.mkv -> /mnt/bigbrother/TV/Monty Python's Flying Circus/process/staging/S2D2/E9_t13.mkv
2026-05-04 08:37:38 - INFO - tv.tv_pipeline - Rendered sequential TV file: /mnt/bigbrother/TV/Monty Python's Flying Circus/Plex Movie Files/Season 2/Monty Python's Flying Circus S02E22_.mkv -> /mnt/bigbrother/TV/Monty Python's Flying Circus/process/staging/S2D2/E10_t14.mkv
2026-05-04 08:37:38 - INFO - tv.tv_pipeline - Rendered sequential TV file: /mnt/bigbrother/TV/Monty Python's Flying Circus/Plex Movie Files/Season 3/Monty Python's Flying Circus S03E01_.mkv -> /mnt/bigbrother/TV/Monty Python's Flying Circus/process/staging/S3D1/C1_t00.mkv
2026-05-04 08:37:38 - INFO - tv.tv_pipeline - Rendered sequential TV file: /mnt/bigbrother/TV/Monty Python's Flying Circus/Plex Movie Files/Season 3/Monty Python's Flying Circus S03E02_.mkv -> /mnt/bigbrother/TV/Monty Python's Flying Circus/process/staging/S3D1/D2_t01.mkv
2026-05-04 08:37:38 - INFO - tv.tv_pipeline - Rendered sequential TV file: /mnt/bigbrother/TV/Monty Python's Flying Circus/Plex Movie Files/Season 3/Monty Python's Flying Circus S03E03_.mkv -> /mnt/bigbrother/TV/Monty Python's Flying Circus/process/staging/S3D1/D3_t02.mkv
2026-05-04 08:37:38 - INFO - tv.tv_pipeline - Rendered sequential TV file: /mnt/bigbrother/TV/Monty Python's Flying Circus/Plex Movie Files/Season 3/Monty Python's Flying Circus S03E04_.mkv -> /mnt/bigbrother/TV/Monty Python's Flying Circus/process/staging/S3D1/D4_t03.mkv
2026-05-04 08:37:38 - INFO - tv.tv_pipeline - Rendered sequential TV file: /mnt/bigbrother/TV/Monty Python's Flying Circus/Plex Movie Files/Season 3/Monty Python's Flying Circus S03E05_.mkv -> /mnt/bigbrother/TV/Monty Python's Flying Circus/process/staging/S3D1/D5_t04.mkv
2026-05-04 08:37:38 - INFO - tv.tv_pipeline - Rendered sequential TV file: /mnt/bigbrother/TV/Monty Python's Flying Circus/Plex Movie Files/Season 3/Monty Python's Flying Circus S03E06_.mkv -> /mnt/bigbrother/TV/Monty Python's Flying Circus/process/staging/S3D1/D6_t05.mkv
2026-05-04 08:37:38 - INFO - tv.tv_pipeline - Rendered sequential TV file: /mnt/bigbrother/TV/Monty Python's Flying Circus/Plex Movie Files/Season 3/Monty Python's Flying Circus S03E07_.mkv -> /mnt/bigbrother/TV/Monty Python's Flying Circus/process/staging/S3D1/C1_t06.mkv
2026-05-04 08:37:38 - INFO - tv.tv_pipeline - Rendered sequential TV file: /mnt/bigbrother/TV/Monty Python's Flying Circus/Plex Movie Files/Season 3/Monty Python's Flying Circus S03E08_.mkv -> /mnt/bigbrother/TV/Monty Python's Flying Circus/process/staging/S3D2/E2_t00.mkv
2026-05-04 08:37:38 - INFO - tv.tv_pipeline - Rendered sequential TV file: /mnt/bigbrother/TV/Monty Python's Flying Circus/Plex Movie Files/Season 3/Monty Python's Flying Circus S03E09_.mkv -> /mnt/bigbrother/TV/Monty Python's Flying Circus/process/staging/S3D2/E3_t01.mkv
2026-05-04 08:37:38 - INFO - tv.tv_pipeline - Rendered sequential TV file: /mnt/bigbrother/TV/Monty Python's Flying Circus/Plex Movie Files/Season 3/Monty Python's Flying Circus S03E10_.mkv -> /mnt/bigbrother/TV/Monty Python's Flying Circus/process/staging/S3D2/E4_t02.mkv
2026-05-04 08:37:38 - INFO - tv.tv_pipeline - Rendered sequential TV file: /mnt/bigbrother/TV/Monty Python's Flying Circus/Plex Movie Files/Season 3/Monty Python's Flying Circus S03E11_.mkv -> /mnt/bigbrother/TV/Monty Python's Flying Circus/process/staging/S3D2/F1_t03.mkv
2026-05-04 08:37:38 - INFO - tv.tv_pipeline - Rendered sequential TV file: /mnt/bigbrother/TV/Monty Python's Flying Circus/Plex Movie Files/Season 3/Monty Python's Flying Circus S03E12_.mkv -> /mnt/bigbrother/TV/Monty Python's Flying Circus/process/staging/S3D2/F7_t04.mkv
2026-05-04 08:37:38 - INFO - tv.tv_pipeline - Rendered sequential TV file: /mnt/bigbrother/TV/Monty Python's Flying Circus/Plex Movie Files/Season 3/Monty Python's Flying Circus S03E13_.mkv -> /mnt/bigbrother/TV/Monty Python's Flying Circus/process/staging/S3D2/F8_t05.mkv
2026-05-04 08:37:38 - INFO - tv.tv_pipeline - Rendered sequential TV file: /mnt/bigbrother/TV/Monty Python's Flying Circus/Plex Movie Files/Season 3/Monty Python's Flying Circus S03E14_.mkv -> /mnt/bigbrother/TV/Monty Python's Flying Circus/process/staging/S3D2/C1_t06.mkv
2026-05-04 08:37:38 - INFO - tv.tv_pipeline - Rendered sequential TV file: /mnt/bigbrother/TV/Monty Python's Flying Circus/Plex Movie Files/Season 3/Monty Python's Flying Circus S03E15_.mkv -> /mnt/bigbrother/TV/Monty Python's Flying Circus/process/staging/S3D2/D2_t07.mkv
2026-05-04 08:37:38 - INFO - tv.tv_pipeline - Rendered sequential TV file: /mnt/bigbrother/TV/Monty Python's Flying Circus/Plex Movie Files/Season 3/Monty Python's Flying Circus S03E16_.mkv -> /mnt/bigbrother/TV/Monty Python's Flying Circus/process/staging/S3D2/D3_t08.mkv
2026-05-04 08:37:38 - INFO - tv.tv_pipeline - Rendered sequential TV file: /mnt/bigbrother/TV/Monty Python's Flying Circus/Plex Movie Files/Season 3/Monty Python's Flying Circus S03E17_.mkv -> /mnt/bigbrother/TV/Monty Python's Flying Circus/process/staging/S3D2/D4_t09.mkv
2026-05-04 08:37:38 - INFO - tv.tv_pipeline - Rendered sequential TV file: /mnt/bigbrother/TV/Monty Python's Flying Circus/Plex Movie Files/Season 3/Monty Python's Flying Circus S03E18_.mkv -> /mnt/bigbrother/TV/Monty Python's Flying Circus/process/staging/S3D2/D5_t10.mkv
2026-05-04 08:37:38 - INFO - tv.tv_pipeline - Rendered sequential TV file: /mnt/bigbrother/TV/Monty Python's Flying Circus/Plex Movie Files/Season 3/Monty Python's Flying Circus S03E19_.mkv -> /mnt/bigbrother/TV/Monty Python's Flying Circus/process/staging/S3D2/D6_t11.mkv
2026-05-04 08:37:38 - INFO - tv.tv_pipeline - Rendered sequential TV file: /mnt/bigbrother/TV/Monty Python's Flying Circus/Plex Movie Files/Season 3/Monty Python's Flying Circus S03E20_.mkv -> /mnt/bigbrother/TV/Monty Python's Flying Circus/process/staging/S3D2/A36_t12.mkv
2026-05-04 08:37:38 - INFO - tv.tv_pipeline - Rendered sequential TV file: /mnt/bigbrother/TV/Monty Python's Flying Circus/Plex Movie Files/Season 3/Monty Python's Flying Circus S03E21_.mkv -> /mnt/bigbrother/TV/Monty Python's Flying Circus/process/staging/S3D2/E5_t13.mkv
2026-05-04 08:37:38 - INFO - tv.tv_pipeline - Rendered sequential TV file: /mnt/bigbrother/TV/Monty Python's Flying Circus/Plex Movie Files/Season 3/Monty Python's Flying Circus S03E22_.mkv -> /mnt/bigbrother/TV/Monty Python's Flying Circus/process/staging/S3D2/F5_t14.mkv
2026-05-04 08:37:38 - INFO - tv.tv_pipeline - Rendered sequential TV file: /mnt/bigbrother/TV/Monty Python's Flying Circus/Plex Movie Files/Season 4/Monty Python's Flying Circus S04E01_.mkv -> /mnt/bigbrother/TV/Monty Python's Flying Circus/process/staging/S4D1/E8_t00.mkv
2026-05-04 08:37:38 - INFO - tv.tv_pipeline - Rendered sequential TV file: /mnt/bigbrother/TV/Monty Python's Flying Circus/Plex Movie Files/Season 4/Monty Python's Flying Circus S04E02_.mkv -> /mnt/bigbrother/TV/Monty Python's Flying Circus/process/staging/S4D1/F3_t01.mkv
2026-05-04 08:37:38 - INFO - tv.tv_pipeline - Rendered sequential TV file: /mnt/bigbrother/TV/Monty Python's Flying Circus/Plex Movie Files/Season 4/Monty Python's Flying Circus S04E03_.mkv -> /mnt/bigbrother/TV/Monty Python's Flying Circus/process/staging/S4D1/C1_t02.mkv
2026-05-04 08:37:38 - INFO - tv.tv_pipeline - Rendered sequential TV file: /mnt/bigbrother/TV/Monty Python's Flying Circus/Plex Movie Files/Season 4/Monty Python's Flying Circus S04E04_.mkv -> /mnt/bigbrother/TV/Monty Python's Flying Circus/process/staging/S4D1/D2_t03.mkv
2026-05-04 08:37:38 - INFO - tv.tv_pipeline - Rendered sequential TV file: /mnt/bigbrother/TV/Monty Python's Flying Circus/Plex Movie Files/Season 4/Monty Python's Flying Circus S04E05_.mkv -> /mnt/bigbrother/TV/Monty Python's Flying Circus/process/staging/S4D1/D3_t04.mkv
2026-05-04 08:37:38 - INFO - tv.tv_pipeline - Rendered sequential TV file: /mnt/bigbrother/TV/Monty Python's Flying Circus/Plex Movie Files/Season 4/Monty Python's Flying Circus S04E06_.mkv -> /mnt/bigbrother/TV/Monty Python's Flying Circus/process/staging/S4D1/D4_t05.mkv
2026-05-04 08:37:38 - INFO - tv.tv_pipeline - Rendered sequential TV file: /mnt/bigbrother/TV/Monty Python's Flying Circus/Plex Movie Files/Season 4/Monty Python's Flying Circus S04E07_.mkv -> /mnt/bigbrother/TV/Monty Python's Flying Circus/process/staging/S4D1/D5_t06.mkv
2026-05-04 08:37:38 - INFO - tv.tv_pipeline - Rendered sequential TV file: /mnt/bigbrother/TV/Monty Python's Flying Circus/Plex Movie Files/Season 4/Monty Python's Flying Circus S04E08_.mkv -> /mnt/bigbrother/TV/Monty Python's Flying Circus/process/staging/S4D1/D6_t07.mkv
2026-05-04 08:37:38 - INFO - tv.tv_pipeline - Rendered sequential TV file: /mnt/bigbrother/TV/Monty Python's Flying Circus/Plex Movie Files/Season 4/Monty Python's Flying Circus S04E09_.mkv -> /mnt/bigbrother/TV/Monty Python's Flying Circus/process/staging/S4D1/E1_t08.mkv
2026-05-04 08:37:38 - INFO - tv.tv_pipeline - Rendered sequential TV file: /mnt/bigbrother/TV/Monty Python's Flying Circus/Plex Movie Files/Season 4/Monty Python's Flying Circus S04E10_.mkv -> /mnt/bigbrother/TV/Monty Python's Flying Circus/process/staging/S4D1/E2_t09.mkv
2026-05-04 08:37:38 - INFO - tv.tv_pipeline - Rendered sequential TV file: /mnt/bigbrother/TV/Monty Python's Flying Circus/Plex Movie Files/Season 4/Monty Python's Flying Circus S04E11_.mkv -> /mnt/bigbrother/TV/Monty Python's Flying Circus/process/staging/S4D1/E5_t10.mkv
2026-05-04 08:37:38 - INFO - tv.tv_pipeline - Rendered sequential TV file: /mnt/bigbrother/TV/Monty Python's Flying Circus/Plex Movie Files/Season 4/Monty Python's Flying Circus S04E12_.mkv -> /mnt/bigbrother/TV/Monty Python's Flying Circus/process/staging/S4D1/F2_t11.mkv
2026-05-04 08:37:38 - INFO - tv.tv_pipeline - Rendered sequential TV file: /mnt/bigbrother/TV/Monty Python's Flying Circus/Plex Movie Files/Season 4/Monty Python's Flying Circus S04E13_.mkv -> /mnt/bigbrother/TV/Monty Python's Flying Circus/process/staging/S4D1/F4_t12.mkv
2026-05-04 08:38:31 - INFO - tv.disc_parser - Parsed 74 MKV titles from /mnt/bigbrother/TV/Monty Python's Flying Circus/rip
2026-05-04 08:38:31 - INFO - core.ffmpeg_profiles - Detected SD/DVD (720x480).
2026-05-04 08:38:31 - INFO - tv.tv_pipeline - Encoding TV episode: /mnt/bigbrother/TV/Monty Python's Flying Circus/rip/S1D1/C1_t00.mkv -> /mnt/bigbrother/TV/Monty Python's Flying Circus/process/staging/S1D1/C1_t00.mkv using profile sd
2026-05-04 08:38:31 - INFO - core.ffmpeg_runner - FFmpeg CMD: ffmpeg -hide_banner -nostdin -y -vaapi_device /dev/dri/renderD128 -i '/mnt/bigbrother/TV/Monty Python'"'"'s Flying Circus/rip/S1D1/C1_t00.mkv' -map 0:v:0 -map 0:a -map_metadata -1 -vf format=nv12,hwupload -c:v hevc_vaapi -b:v 5M -c:a copy -metadata:s:a:0 language=eng -disposition:a:0 default -max_muxing_queue_size 9999 '/mnt/bigbrother/TV/Monty Python'"'"'s Flying Circus/process/staging/S1D1/C1_t00.mkv'
2026-05-04 08:39:06 - INFO - core.ffmpeg_runner - Encode succeeded: /mnt/bigbrother/TV/Monty Python's Flying Circus/process/staging/S1D1/C1_t00.mkv (1151.9 MB)
2026-05-04 08:39:06 - INFO - core.ffmpeg_profiles - Detected SD/DVD (720x480).
2026-05-04 08:39:06 - INFO - tv.tv_pipeline - Encoding TV episode: /mnt/bigbrother/TV/Monty Python's Flying Circus/rip/S1D1/D2_t01.mkv -> /mnt/bigbrother/TV/Monty Python's Flying Circus/process/staging/S1D1/D2_t01.mkv using profile sd
2026-05-04 08:39:06 - INFO - core.ffmpeg_runner - FFmpeg CMD: ffmpeg -hide_banner -nostdin -y -vaapi_device /dev/dri/renderD128 -i '/mnt/bigbrother/TV/Monty Python'"'"'s Flying Circus/rip/S1D1/D2_t01.mkv' -map 0:v:0 -map 0:a -map_metadata -1 -vf format=nv12,hwupload -c:v hevc_vaapi -b:v 5M -c:a copy -metadata:s:a:0 language=eng -disposition:a:0 default -max_muxing_queue_size 9999 '/mnt/bigbrother/TV/Monty Python'"'"'s Flying Circus/process/staging/S1D1/D2_t01.mkv'
2026-05-04 08:39:43 - INFO - core.ffmpeg_runner - Encode succeeded: /mnt/bigbrother/TV/Monty Python's Flying Circus/process/staging/S1D1/D2_t01.mkv (1213.1 MB)
2026-05-04 08:39:43 - INFO - core.ffmpeg_profiles - Detected SD/DVD (720x480).
2026-05-04 08:39:43 - INFO - tv.tv_pipeline - Encoding TV episode: /mnt/bigbrother/TV/Monty Python's Flying Circus/rip/S1D1/D3_t02.mkv -> /mnt/bigbrother/TV/Monty Python's Flying Circus/process/staging/S1D1/D3_t02.mkv using profile sd
2026-05-04 08:39:43 - INFO - core.ffmpeg_runner - FFmpeg CMD: ffmpeg -hide_banner -nostdin -y -vaapi_device /dev/dri/renderD128 -i '/mnt/bigbrother/TV/Monty Python'"'"'s Flying Circus/rip/S1D1/D3_t02.mkv' -map 0:v:0 -map 0:a -map_metadata -1 -vf format=nv12,hwupload -c:v hevc_vaapi -b:v 5M -c:a copy -metadata:s:a:0 language=eng -disposition:a:0 default -max_muxing_queue_size 9999 '/mnt/bigbrother/TV/Monty Python'"'"'s Flying Circus/process/staging/S1D1/D3_t02.mkv'
2026-05-04 08:40:18 - INFO - core.ffmpeg_runner - Encode succeeded: /mnt/bigbrother/TV/Monty Python's Flying Circus/process/staging/S1D1/D3_t02.mkv (1130.9 MB)
2026-05-04 08:40:18 - INFO - core.ffmpeg_profiles - Detected SD/DVD (720x480).
2026-05-04 08:40:18 - INFO - tv.tv_pipeline - Encoding TV episode: /mnt/bigbrother/TV/Monty Python's Flying Circus/rip/S1D1/D4_t03.mkv -> /mnt/bigbrother/TV/Monty Python's Flying Circus/process/staging/S1D1/D4_t03.mkv using profile sd
2026-05-04 08:40:18 - INFO - core.ffmpeg_runner - FFmpeg CMD: ffmpeg -hide_banner -nostdin -y -vaapi_device /dev/dri/renderD128 -i '/mnt/bigbrother/TV/Monty Python'"'"'s Flying Circus/rip/S1D1/D4_t03.mkv' -map 0:v:0 -map 0:a -map_metadata -1 -vf format=nv12,hwupload -c:v hevc_vaapi -b:v 5M -c:a copy -metadata:s:a:0 language=eng -disposition:a:0 default -max_muxing_queue_size 9999 '/mnt/bigbrother/TV/Monty Python'"'"'s Flying Circus/process/staging/S1D1/D4_t03.mkv'
2026-05-04 08:40:50 - INFO - core.ffmpeg_runner - Encode succeeded: /mnt/bigbrother/TV/Monty Python's Flying Circus/process/staging/S1D1/D4_t03.mkv (1070.9 MB)
2026-05-04 08:40:50 - INFO - core.ffmpeg_profiles - Detected SD/DVD (720x480).
2026-05-04 08:40:50 - INFO - tv.tv_pipeline - Encoding TV episode: /mnt/bigbrother/TV/Monty Python's Flying Circus/rip/S1D1/D5_t04.mkv -> /mnt/bigbrother/TV/Monty Python's Flying Circus/process/staging/S1D1/D5_t04.mkv using profile sd
2026-05-04 08:40:50 - INFO - core.ffmpeg_runner - FFmpeg CMD: ffmpeg -hide_banner -nostdin -y -vaapi_device /dev/dri/renderD128 -i '/mnt/bigbrother/TV/Monty Python'"'"'s Flying Circus/rip/S1D1/D5_t04.mkv' -map 0:v:0 -map 0:a -map_metadata -1 -vf format=nv12,hwupload -c:v hevc_vaapi -b:v 5M -c:a copy -metadata:s:a:0 language=eng -disposition:a:0 default -max_muxing_queue_size 9999 '/mnt/bigbrother/TV/Monty Python'"'"'s Flying Circus/process/staging/S1D1/D5_t04.mkv'
2026-05-04 08:41:22 - INFO - core.ffmpeg_runner - Encode succeeded: /mnt/bigbrother/TV/Monty Python's Flying Circus/process/staging/S1D1/D5_t04.mkv (1052.3 MB)
2026-05-04 08:41:22 - INFO - core.ffmpeg_profiles - Detected SD/DVD (720x480).
2026-05-04 08:41:22 - INFO - tv.tv_pipeline - Encoding TV episode: /mnt/bigbrother/TV/Monty Python's Flying Circus/rip/S1D1/D6_t05.mkv -> /mnt/bigbrother/TV/Monty Python's Flying Circus/process/staging/S1D1/D6_t05.mkv using profile sd
2026-05-04 08:41:22 - INFO - core.ffmpeg_runner - FFmpeg CMD: ffmpeg -hide_banner -nostdin -y -vaapi_device /dev/dri/renderD128 -i '/mnt/bigbrother/TV/Monty Python'"'"'s Flying Circus/rip/S1D1/D6_t05.mkv' -map 0:v:0 -map 0:a -map_metadata -1 -vf format=nv12,hwupload -c:v hevc_vaapi -b:v 5M -c:a copy -metadata:s:a:0 language=eng -disposition:a:0 default -max_muxing_queue_size 9999 '/mnt/bigbrother/TV/Monty Python'"'"'s Flying Circus/process/staging/S1D1/D6_t05.mkv'
2026-05-04 08:41:55 - INFO - core.ffmpeg_runner - Encode succeeded: /mnt/bigbrother/TV/Monty Python's Flying Circus/process/staging/S1D1/D6_t05.mkv (1076.5 MB)
2026-05-04 08:41:55 - INFO - core.ffmpeg_profiles - Detected SD/DVD (720x480).
2026-05-04 08:41:55 - INFO - tv.tv_pipeline - Encoding TV episode: /mnt/bigbrother/TV/Monty Python's Flying Circus/rip/S1D1/C1_t06.mkv -> /mnt/bigbrother/TV/Monty Python's Flying Circus/process/staging/S1D1/C1_t06.mkv using profile sd
2026-05-04 08:41:55 - INFO - core.ffmpeg_runner - FFmpeg CMD: ffmpeg -hide_banner -nostdin -y -vaapi_device /dev/dri/renderD128 -i '/mnt/bigbrother/TV/Monty Python'"'"'s Flying Circus/rip/S1D1/C1_t06.mkv' -map 0:v:0 -map 0:a -map_metadata -1 -vf format=nv12,hwupload -c:v hevc_vaapi -b:v 5M -c:a copy -metadata:s:a:0 language=eng -disposition:a:0 default -max_muxing_queue_size 9999 '/mnt/bigbrother/TV/Monty Python'"'"'s Flying Circus/process/staging/S1D1/C1_t06.mkv'
2026-05-04 08:42:29 - INFO - core.ffmpeg_runner - Encode succeeded: /mnt/bigbrother/TV/Monty Python's Flying Circus/process/staging/S1D1/C1_t06.mkv (1082.1 MB)
2026-05-04 08:42:29 - INFO - core.ffmpeg_profiles - Detected SD/DVD (720x480).
2026-05-04 08:42:29 - INFO - tv.tv_pipeline - Encoding TV episode: /mnt/bigbrother/TV/Monty Python's Flying Circus/rip/S1D2/E1_t00.mkv -> /mnt/bigbrother/TV/Monty Python's Flying Circus/process/staging/S1D2/E1_t00.mkv using profile sd
2026-05-04 08:42:29 - INFO - core.ffmpeg_runner - FFmpeg CMD: ffmpeg -hide_banner -nostdin -y -vaapi_device /dev/dri/renderD128 -i '/mnt/bigbrother/TV/Monty Python'"'"'s Flying Circus/rip/S1D2/E1_t00.mkv' -map 0:v:0 -map 0:a -map_metadata -1 -vf format=nv12,hwupload -c:v hevc_vaapi -b:v 5M -c:a copy -metadata:s:a:0 language=eng -disposition:a:0 default -max_muxing_queue_size 9999 '/mnt/bigbrother/TV/Monty Python'"'"'s Flying Circus/process/staging/S1D2/E1_t00.mkv'
2026-05-04 08:42:40 - INFO - core.ffmpeg_runner - Encode succeeded: /mnt/bigbrother/TV/Monty Python's Flying Circus/process/staging/S1D2/E1_t00.mkv (319.5 MB)
2026-05-04 08:42:40 - INFO - core.ffmpeg_profiles - Detected SD/DVD (720x480).
2026-05-04 08:42:40 - INFO - tv.tv_pipeline - Encoding TV episode: /mnt/bigbrother/TV/Monty Python's Flying Circus/rip/S1D2/E2_t01.mkv -> /mnt/bigbrother/TV/Monty Python's Flying Circus/process/staging/S1D2/E2_t01.mkv using profile sd
2026-05-04 08:42:40 - INFO - core.ffmpeg_runner - FFmpeg CMD: ffmpeg -hide_banner -nostdin -y -vaapi_device /dev/dri/renderD128 -i '/mnt/bigbrother/TV/Monty Python'"'"'s Flying Circus/rip/S1D2/E2_t01.mkv' -map 0:v:0 -map 0:a -map_metadata -1 -vf format=nv12,hwupload -c:v hevc_vaapi -b:v 5M -c:a copy -metadata:s:a:0 language=eng -disposition:a:0 default -max_muxing_queue_size 9999 '/mnt/bigbrother/TV/Monty Python'"'"'s Flying Circus/process/staging/S1D2/E2_t01.mkv'
2026-05-04 08:42:48 - INFO - core.ffmpeg_runner - Encode succeeded: /mnt/bigbrother/TV/Monty Python's Flying Circus/process/staging/S1D2/E2_t01.mkv (246.3 MB)
2026-05-04 08:42:48 - INFO - core.ffmpeg_profiles - Detected SD/DVD (720x480).
2026-05-04 08:42:48 - INFO - tv.tv_pipeline - Encoding TV episode: /mnt/bigbrother/TV/Monty Python's Flying Circus/rip/S1D2/C1_t02.mkv -> /mnt/bigbrother/TV/Monty Python's Flying Circus/process/staging/S1D2/C1_t02.mkv using profile sd
2026-05-04 08:42:48 - INFO - core.ffmpeg_runner - FFmpeg CMD: ffmpeg -hide_banner -nostdin -y -vaapi_device /dev/dri/renderD128 -i '/mnt/bigbrother/TV/Monty Python'"'"'s Flying Circus/rip/S1D2/C1_t02.mkv' -map 0:v:0 -map 0:a -map_metadata -1 -vf format=nv12,hwupload -c:v hevc_vaapi -b:v 5M -c:a copy -metadata:s:a:0 language=eng -disposition:a:0 default -max_muxing_queue_size 9999 '/mnt/bigbrother/TV/Monty Python'"'"'s Flying Circus/process/staging/S1D2/C1_t02.mkv'
2026-05-04 08:43:20 - INFO - core.ffmpeg_runner - Encode succeeded: /mnt/bigbrother/TV/Monty Python's Flying Circus/process/staging/S1D2/C1_t02.mkv (1063.0 MB)
2026-05-04 08:43:20 - INFO - core.ffmpeg_profiles - Detected SD/DVD (720x480).
2026-05-04 08:43:20 - INFO - tv.tv_pipeline - Encoding TV episode: /mnt/bigbrother/TV/Monty Python's Flying Circus/rip/S1D2/D2_t03.mkv -> /mnt/bigbrother/TV/Monty Python's Flying Circus/process/staging/S1D2/D2_t03.mkv using profile sd
2026-05-04 08:43:20 - INFO - core.ffmpeg_runner - FFmpeg CMD: ffmpeg -hide_banner -nostdin -y -vaapi_device /dev/dri/renderD128 -i '/mnt/bigbrother/TV/Monty Python'"'"'s Flying Circus/rip/S1D2/D2_t03.mkv' -map 0:v:0 -map 0:a -map_metadata -1 -vf format=nv12,hwupload -c:v hevc_vaapi -b:v 5M -c:a copy -metadata:s:a:0 language=eng -disposition:a:0 default -max_muxing_queue_size 9999 '/mnt/bigbrother/TV/Monty Python'"'"'s Flying Circus/process/staging/S1D2/D2_t03.mkv'
2026-05-04 08:43:52 - INFO - core.ffmpeg_runner - Encode succeeded: /mnt/bigbrother/TV/Monty Python's Flying Circus/process/staging/S1D2/D2_t03.mkv (1049.1 MB)
2026-05-04 08:43:52 - INFO - core.ffmpeg_profiles - Detected SD/DVD (720x480).
2026-05-04 08:43:52 - INFO - tv.tv_pipeline - Encoding TV episode: /mnt/bigbrother/TV/Monty Python's Flying Circus/rip/S1D2/D3_t04.mkv -> /mnt/bigbrother/TV/Monty Python's Flying Circus/process/staging/S1D2/D3_t04.mkv using profile sd
2026-05-04 08:43:52 - INFO - core.ffmpeg_runner - FFmpeg CMD: ffmpeg -hide_banner -nostdin -y -vaapi_device /dev/dri/renderD128 -i '/mnt/bigbrother/TV/Monty Python'"'"'s Flying Circus/rip/S1D2/D3_t04.mkv' -map 0:v:0 -map 0:a -map_metadata -1 -vf format=nv12,hwupload -c:v hevc_vaapi -b:v 5M -c:a copy -metadata:s:a:0 language=eng -disposition:a:0 default -max_muxing_queue_size 9999 '/mnt/bigbrother/TV/Monty Python'"'"'s Flying Circus/process/staging/S1D2/D3_t04.mkv'
2026-05-04 08:44:26 - INFO - core.ffmpeg_runner - Encode succeeded: /mnt/bigbrother/TV/Monty Python's Flying Circus/process/staging/S1D2/D3_t04.mkv (1118.9 MB)
2026-05-04 08:44:26 - INFO - core.ffmpeg_profiles - Detected SD/DVD (720x480).
2026-05-04 08:44:26 - INFO - tv.tv_pipeline - Encoding TV episode: /mnt/bigbrother/TV/Monty Python's Flying Circus/rip/S1D2/D4_t05.mkv -> /mnt/bigbrother/TV/Monty Python's Flying Circus/process/staging/S1D2/D4_t05.mkv using profile sd
2026-05-04 08:44:26 - INFO - core.ffmpeg_runner - FFmpeg CMD: ffmpeg -hide_banner -nostdin -y -vaapi_device /dev/dri/renderD128 -i '/mnt/bigbrother/TV/Monty Python'"'"'s Flying Circus/rip/S1D2/D4_t05.mkv' -map 0:v:0 -map 0:a -map_metadata -1 -vf format=nv12,hwupload -c:v hevc_vaapi -b:v 5M -c:a copy -metadata:s:a:0 language=eng -disposition:a:0 default -max_muxing_queue_size 9999 '/mnt/bigbrother/TV/Monty Python'"'"'s Flying Circus/process/staging/S1D2/D4_t05.mkv'
2026-05-04 08:45:00 - INFO - core.ffmpeg_runner - Encode succeeded: /mnt/bigbrother/TV/Monty Python's Flying Circus/process/staging/S1D2/D4_t05.mkv (1122.5 MB)
2026-05-04 08:45:00 - INFO - core.ffmpeg_profiles - Detected SD/DVD (720x480).
2026-05-04 08:45:00 - INFO - tv.tv_pipeline - Encoding TV episode: /mnt/bigbrother/TV/Monty Python's Flying Circus/rip/S1D2/D5_t06.mkv -> /mnt/bigbrother/TV/Monty Python's Flying Circus/process/staging/S1D2/D5_t06.mkv using profile sd
2026-05-04 08:45:00 - INFO - core.ffmpeg_runner - FFmpeg CMD: ffmpeg -hide_banner -nostdin -y -vaapi_device /dev/dri/renderD128 -i '/mnt/bigbrother/TV/Monty Python'"'"'s Flying Circus/rip/S1D2/D5_t06.mkv' -map 0:v:0 -map 0:a -map_metadata -1 -vf format=nv12,hwupload -c:v hevc_vaapi -b:v 5M -c:a copy -metadata:s:a:0 language=eng -disposition:a:0 default -max_muxing_queue_size 9999 '/mnt/bigbrother/TV/Monty Python'"'"'s Flying Circus/process/staging/S1D2/D5_t06.mkv'
2026-05-04 08:45:35 - INFO - core.ffmpeg_runner - Encode succeeded: /mnt/bigbrother/TV/Monty Python's Flying Circus/process/staging/S1D2/D5_t06.mkv (1152.7 MB)
2026-05-04 08:45:35 - INFO - core.ffmpeg_profiles - Detected SD/DVD (720x480).
2026-05-04 08:45:35 - INFO - tv.tv_pipeline - Encoding TV episode: /mnt/bigbrother/TV/Monty Python's Flying Circus/rip/S1D2/D6_t07.mkv -> /mnt/bigbrother/TV/Monty Python's Flying Circus/process/staging/S1D2/D6_t07.mkv using profile sd
2026-05-04 08:45:35 - INFO - core.ffmpeg_runner - FFmpeg CMD: ffmpeg -hide_banner -nostdin -y -vaapi_device /dev/dri/renderD128 -i '/mnt/bigbrother/TV/Monty Python'"'"'s Flying Circus/rip/S1D2/D6_t07.mkv' -map 0:v:0 -map 0:a -map_metadata -1 -vf format=nv12,hwupload -c:v hevc_vaapi -b:v 5M -c:a copy -metadata:s:a:0 language=eng -disposition:a:0 default -max_muxing_queue_size 9999 '/mnt/bigbrother/TV/Monty Python'"'"'s Flying Circus/process/staging/S1D2/D6_t07.mkv'
2026-05-04 08:46:08 - INFO - core.ffmpeg_runner - Encode succeeded: /mnt/bigbrother/TV/Monty Python's Flying Circus/process/staging/S1D2/D6_t07.mkv (1060.1 MB)
2026-05-04 08:46:08 - INFO - core.ffmpeg_profiles - Detected SD/DVD (720x480).
2026-05-04 08:46:08 - INFO - tv.tv_pipeline - Encoding TV episode: /mnt/bigbrother/TV/Monty Python's Flying Circus/rip/S1D2/E3_t08.mkv -> /mnt/bigbrother/TV/Monty Python's Flying Circus/process/staging/S1D2/E3_t08.mkv using profile sd
2026-05-04 08:46:08 - INFO - core.ffmpeg_runner - FFmpeg CMD: ffmpeg -hide_banner -nostdin -y -vaapi_device /dev/dri/renderD128 -i '/mnt/bigbrother/TV/Monty Python'"'"'s Flying Circus/rip/S1D2/E3_t08.mkv' -map 0:v:0 -map 0:a -map_metadata -1 -vf format=nv12,hwupload -c:v hevc_vaapi -b:v 5M -c:a copy -metadata:s:a:0 language=eng -disposition:a:0 default -max_muxing_queue_size 9999 '/mnt/bigbrother/TV/Monty Python'"'"'s Flying Circus/process/staging/S1D2/E3_t08.mkv'
2026-05-04 08:46:14 - INFO - core.ffmpeg_runner - Encode succeeded: /mnt/bigbrother/TV/Monty Python's Flying Circus/process/staging/S1D2/E3_t08.mkv (156.3 MB)
2026-05-04 08:46:14 - INFO - core.ffmpeg_profiles - Detected SD/DVD (720x480).
2026-05-04 08:46:14 - INFO - tv.tv_pipeline - Encoding TV episode: /mnt/bigbrother/TV/Monty Python's Flying Circus/rip/S1D2/E4_t09.mkv -> /mnt/bigbrother/TV/Monty Python's Flying Circus/process/staging/S1D2/E4_t09.mkv using profile sd
2026-05-04 08:46:14 - INFO - core.ffmpeg_runner - FFmpeg CMD: ffmpeg -hide_banner -nostdin -y -vaapi_device /dev/dri/renderD128 -i '/mnt/bigbrother/TV/Monty Python'"'"'s Flying Circus/rip/S1D2/E4_t09.mkv' -map 0:v:0 -map 0:a -map_metadata -1 -vf format=nv12,hwupload -c:v hevc_vaapi -b:v 5M -c:a copy -metadata:s:a:0 language=eng -disposition:a:0 default -max_muxing_queue_size 9999 '/mnt/bigbrother/TV/Monty Python'"'"'s Flying Circus/process/staging/S1D2/E4_t09.mkv'
2026-05-04 08:46:24 - INFO - core.ffmpeg_runner - Encode succeeded: /mnt/bigbrother/TV/Monty Python's Flying Circus/process/staging/S1D2/E4_t09.mkv (349.1 MB)
2026-05-04 08:46:25 - INFO - core.ffmpeg_profiles - Detected SD/DVD (720x480).
2026-05-04 08:46:25 - INFO - tv.tv_pipeline - Encoding TV episode: /mnt/bigbrother/TV/Monty Python's Flying Circus/rip/S2D1/C1_t00.mkv -> /mnt/bigbrother/TV/Monty Python's Flying Circus/process/staging/S2D1/C1_t00.mkv using profile sd
2026-05-04 08:46:25 - INFO - core.ffmpeg_runner - FFmpeg CMD: ffmpeg -hide_banner -nostdin -y -vaapi_device /dev/dri/renderD128 -i '/mnt/bigbrother/TV/Monty Python'"'"'s Flying Circus/rip/S2D1/C1_t00.mkv' -map 0:v:0 -map 0:a -map_metadata -1 -vf format=nv12,hwupload -c:v hevc_vaapi -b:v 5M -c:a copy -metadata:s:a:0 language=eng -disposition:a:0 default -max_muxing_queue_size 9999 '/mnt/bigbrother/TV/Monty Python'"'"'s Flying Circus/process/staging/S2D1/C1_t00.mkv'
2026-05-04 08:46:58 - INFO - core.ffmpeg_runner - Encode succeeded: /mnt/bigbrother/TV/Monty Python's Flying Circus/process/staging/S2D1/C1_t00.mkv (1108.1 MB)
2026-05-04 08:46:58 - INFO - core.ffmpeg_profiles - Detected SD/DVD (720x480).
2026-05-04 08:46:58 - INFO - tv.tv_pipeline - Encoding TV episode: /mnt/bigbrother/TV/Monty Python's Flying Circus/rip/S2D1/D2_t01.mkv -> /mnt/bigbrother/TV/Monty Python's Flying Circus/process/staging/S2D1/D2_t01.mkv using profile sd
2026-05-04 08:46:58 - INFO - core.ffmpeg_runner - FFmpeg CMD: ffmpeg -hide_banner -nostdin -y -vaapi_device /dev/dri/renderD128 -i '/mnt/bigbrother/TV/Monty Python'"'"'s Flying Circus/rip/S2D1/D2_t01.mkv' -map 0:v:0 -map 0:a -map_metadata -1 -vf format=nv12,hwupload -c:v hevc_vaapi -b:v 5M -c:a copy -metadata:s:a:0 language=eng -disposition:a:0 default -max_muxing_queue_size 9999 '/mnt/bigbrother/TV/Monty Python'"'"'s Flying Circus/process/staging/S2D1/D2_t01.mkv'
2026-05-04 08:47:32 - INFO - core.ffmpeg_runner - Encode succeeded: /mnt/bigbrother/TV/Monty Python's Flying Circus/process/staging/S2D1/D2_t01.mkv (1105.5 MB)
2026-05-04 08:47:32 - INFO - core.ffmpeg_profiles - Detected SD/DVD (720x480).
2026-05-04 08:47:32 - INFO - tv.tv_pipeline - Encoding TV episode: /mnt/bigbrother/TV/Monty Python's Flying Circus/rip/S2D1/D3_t02.mkv -> /mnt/bigbrother/TV/Monty Python's Flying Circus/process/staging/S2D1/D3_t02.mkv using profile sd
2026-05-04 08:47:32 - INFO - core.ffmpeg_runner - FFmpeg CMD: ffmpeg -hide_banner -nostdin -y -vaapi_device /dev/dri/renderD128 -i '/mnt/bigbrother/TV/Monty Python'"'"'s Flying Circus/rip/S2D1/D3_t02.mkv' -map 0:v:0 -map 0:a -map_metadata -1 -vf format=nv12,hwupload -c:v hevc_vaapi -b:v 5M -c:a copy -metadata:s:a:0 language=eng -disposition:a:0 default -max_muxing_queue_size 9999 '/mnt/bigbrother/TV/Monty Python'"'"'s Flying Circus/process/staging/S2D1/D3_t02.mkv'
2026-05-04 08:48:05 - INFO - core.ffmpeg_runner - Encode succeeded: /mnt/bigbrother/TV/Monty Python's Flying Circus/process/staging/S2D1/D3_t02.mkv (1104.0 MB)
2026-05-04 08:48:05 - INFO - core.ffmpeg_profiles - Detected SD/DVD (720x480).
2026-05-04 08:48:05 - INFO - tv.tv_pipeline - Encoding TV episode: /mnt/bigbrother/TV/Monty Python's Flying Circus/rip/S2D1/D4_t03.mkv -> /mnt/bigbrother/TV/Monty Python's Flying Circus/process/staging/S2D1/D4_t03.mkv using profile sd
2026-05-04 08:48:05 - INFO - core.ffmpeg_runner - FFmpeg CMD: ffmpeg -hide_banner -nostdin -y -vaapi_device /dev/dri/renderD128 -i '/mnt/bigbrother/TV/Monty Python'"'"'s Flying Circus/rip/S2D1/D4_t03.mkv' -map 0:v:0 -map 0:a -map_metadata -1 -vf format=nv12,hwupload -c:v hevc_vaapi -b:v 5M -c:a copy -metadata:s:a:0 language=eng -disposition:a:0 default -max_muxing_queue_size 9999 '/mnt/bigbrother/TV/Monty Python'"'"'s Flying Circus/process/staging/S2D1/D4_t03.mkv'
2026-05-04 08:48:38 - INFO - core.ffmpeg_runner - Encode succeeded: /mnt/bigbrother/TV/Monty Python's Flying Circus/process/staging/S2D1/D4_t03.mkv (1078.6 MB)
2026-05-04 08:48:38 - INFO - core.ffmpeg_profiles - Detected SD/DVD (720x480).
2026-05-04 08:48:38 - INFO - tv.tv_pipeline - Encoding TV episode: /mnt/bigbrother/TV/Monty Python's Flying Circus/rip/S2D1/D5_t04.mkv -> /mnt/bigbrother/TV/Monty Python's Flying Circus/process/staging/S2D1/D5_t04.mkv using profile sd
2026-05-04 08:48:39 - INFO - core.ffmpeg_runner - FFmpeg CMD: ffmpeg -hide_banner -nostdin -y -vaapi_device /dev/dri/renderD128 -i '/mnt/bigbrother/TV/Monty Python'"'"'s Flying Circus/rip/S2D1/D5_t04.mkv' -map 0:v:0 -map 0:a -map_metadata -1 -vf format=nv12,hwupload -c:v hevc_vaapi -b:v 5M -c:a copy -metadata:s:a:0 language=eng -disposition:a:0 default -max_muxing_queue_size 9999 '/mnt/bigbrother/TV/Monty Python'"'"'s Flying Circus/process/staging/S2D1/D5_t04.mkv'
2026-05-04 08:49:12 - INFO - core.ffmpeg_runner - Encode succeeded: /mnt/bigbrother/TV/Monty Python's Flying Circus/process/staging/S2D1/D5_t04.mkv (1091.6 MB)
2026-05-04 08:49:12 - INFO - core.ffmpeg_profiles - Detected SD/DVD (720x480).
2026-05-04 08:49:12 - INFO - tv.tv_pipeline - Encoding TV episode: /mnt/bigbrother/TV/Monty Python's Flying Circus/rip/S2D1/D6_t05.mkv -> /mnt/bigbrother/TV/Monty Python's Flying Circus/process/staging/S2D1/D6_t05.mkv using profile sd
2026-05-04 08:49:12 - INFO - core.ffmpeg_runner - FFmpeg CMD: ffmpeg -hide_banner -nostdin -y -vaapi_device /dev/dri/renderD128 -i '/mnt/bigbrother/TV/Monty Python'"'"'s Flying Circus/rip/S2D1/D6_t05.mkv' -map 0:v:0 -map 0:a -map_metadata -1 -vf format=nv12,hwupload -c:v hevc_vaapi -b:v 5M -c:a copy -metadata:s:a:0 language=eng -disposition:a:0 default -max_muxing_queue_size 9999 '/mnt/bigbrother/TV/Monty Python'"'"'s Flying Circus/process/staging/S2D1/D6_t05.mkv'
2026-05-04 08:49:45 - INFO - core.ffmpeg_runner - Encode succeeded: /mnt/bigbrother/TV/Monty Python's Flying Circus/process/staging/S2D1/D6_t05.mkv (1078.1 MB)
2026-05-04 08:49:45 - INFO - core.ffmpeg_profiles - Detected SD/DVD (720x480).
2026-05-04 08:49:45 - INFO - tv.tv_pipeline - Encoding TV episode: /mnt/bigbrother/TV/Monty Python's Flying Circus/rip/S2D1/C1_t06.mkv -> /mnt/bigbrother/TV/Monty Python's Flying Circus/process/staging/S2D1/C1_t06.mkv using profile sd
2026-05-04 08:49:45 - INFO - core.ffmpeg_runner - FFmpeg CMD: ffmpeg -hide_banner -nostdin -y -vaapi_device /dev/dri/renderD128 -i '/mnt/bigbrother/TV/Monty Python'"'"'s Flying Circus/rip/S2D1/C1_t06.mkv' -map 0:v:0 -map 0:a -map_metadata -1 -vf format=nv12,hwupload -c:v hevc_vaapi -b:v 5M -c:a copy -metadata:s:a:0 language=eng -disposition:a:0 default -max_muxing_queue_size 9999 '/mnt/bigbrother/TV/Monty Python'"'"'s Flying Circus/process/staging/S2D1/C1_t06.mkv'
2026-05-04 08:50:16 - INFO - core.ffmpeg_runner - Encode succeeded: /mnt/bigbrother/TV/Monty Python's Flying Circus/process/staging/S2D1/C1_t06.mkv (1005.6 MB)
2026-05-04 08:50:16 - INFO - core.ffmpeg_profiles - Detected SD/DVD (720x480).
2026-05-04 08:50:16 - INFO - tv.tv_pipeline - Encoding TV episode: /mnt/bigbrother/TV/Monty Python's Flying Circus/rip/S2D2/E7_t00.mkv -> /mnt/bigbrother/TV/Monty Python's Flying Circus/process/staging/S2D2/E7_t00.mkv using profile sd
2026-05-04 08:50:16 - INFO - core.ffmpeg_runner - FFmpeg CMD: ffmpeg -hide_banner -nostdin -y -vaapi_device /dev/dri/renderD128 -i '/mnt/bigbrother/TV/Monty Python'"'"'s Flying Circus/rip/S2D2/E7_t00.mkv' -map 0:v:0 -map 0:a -map_metadata -1 -vf format=nv12,hwupload -c:v hevc_vaapi -b:v 5M -c:a copy -metadata:s:a:0 language=eng -disposition:a:0 default -max_muxing_queue_size 9999 '/mnt/bigbrother/TV/Monty Python'"'"'s Flying Circus/process/staging/S2D2/E7_t00.mkv'
2026-05-04 08:50:34 - INFO - core.ffmpeg_runner - Encode succeeded: /mnt/bigbrother/TV/Monty Python's Flying Circus/process/staging/S2D2/E7_t00.mkv (612.7 MB)
2026-05-04 08:50:34 - INFO - core.ffmpeg_profiles - Detected SD/DVD (720x480).
2026-05-04 08:50:34 - INFO - tv.tv_pipeline - Encoding TV episode: /mnt/bigbrother/TV/Monty Python's Flying Circus/rip/S2D2/E11_t01.mkv -> /mnt/bigbrother/TV/Monty Python's Flying Circus/process/staging/S2D2/E11_t01.mkv using profile sd
2026-05-04 08:50:34 - INFO - core.ffmpeg_runner - FFmpeg CMD: ffmpeg -hide_banner -nostdin -y -vaapi_device /dev/dri/renderD128 -i '/mnt/bigbrother/TV/Monty Python'"'"'s Flying Circus/rip/S2D2/E11_t01.mkv' -map 0:v:0 -map 0:a -map_metadata -1 -vf format=nv12,hwupload -c:v hevc_vaapi -b:v 5M -c:a copy -metadata:s:a:0 language=eng -disposition:a:0 default -max_muxing_queue_size 9999 '/mnt/bigbrother/TV/Monty Python'"'"'s Flying Circus/process/staging/S2D2/E11_t01.mkv'
2026-05-04 08:51:06 - INFO - core.ffmpeg_runner - Encode succeeded: /mnt/bigbrother/TV/Monty Python's Flying Circus/process/staging/S2D2/E11_t01.mkv (150.4 MB)
2026-05-04 08:51:06 - INFO - core.ffmpeg_profiles - Detected SD/DVD (720x480).
2026-05-04 08:51:06 - INFO - tv.tv_pipeline - Encoding TV episode: /mnt/bigbrother/TV/Monty Python's Flying Circus/rip/S2D2/C1_t02.mkv -> /mnt/bigbrother/TV/Monty Python's Flying Circus/process/staging/S2D2/C1_t02.mkv using profile sd
2026-05-04 08:51:06 - INFO - core.ffmpeg_runner - FFmpeg CMD: ffmpeg -hide_banner -nostdin -y -vaapi_device /dev/dri/renderD128 -i '/mnt/bigbrother/TV/Monty Python'"'"'s Flying Circus/rip/S2D2/C1_t02.mkv' -map 0:v:0 -map 0:a -map_metadata -1 -vf format=nv12,hwupload -c:v hevc_vaapi -b:v 5M -c:a copy -metadata:s:a:0 language=eng -disposition:a:0 default -max_muxing_queue_size 9999 '/mnt/bigbrother/TV/Monty Python'"'"'s Flying Circus/process/staging/S2D2/C1_t02.mkv'
2026-05-04 08:51:39 - INFO - core.ffmpeg_runner - Encode succeeded: /mnt/bigbrother/TV/Monty Python's Flying Circus/process/staging/S2D2/C1_t02.mkv (1070.7 MB)
2026-05-04 08:51:39 - INFO - core.ffmpeg_profiles - Detected SD/DVD (720x480).
2026-05-04 08:51:39 - INFO - tv.tv_pipeline - Encoding TV episode: /mnt/bigbrother/TV/Monty Python's Flying Circus/rip/S2D2/D2_t03.mkv -> /mnt/bigbrother/TV/Monty Python's Flying Circus/process/staging/S2D2/D2_t03.mkv using profile sd
2026-05-04 08:51:39 - INFO - core.ffmpeg_runner - FFmpeg CMD: ffmpeg -hide_banner -nostdin -y -vaapi_device /dev/dri/renderD128 -i '/mnt/bigbrother/TV/Monty Python'"'"'s Flying Circus/rip/S2D2/D2_t03.mkv' -map 0:v:0 -map 0:a -map_metadata -1 -vf format=nv12,hwupload -c:v hevc_vaapi -b:v 5M -c:a copy -metadata:s:a:0 language=eng -disposition:a:0 default -max_muxing_queue_size 9999 '/mnt/bigbrother/TV/Monty Python'"'"'s Flying Circus/process/staging/S2D2/D2_t03.mkv'
2026-05-04 08:52:12 - INFO - core.ffmpeg_runner - Encode succeeded: /mnt/bigbrother/TV/Monty Python's Flying Circus/process/staging/S2D2/D2_t03.mkv (1093.8 MB)
2026-05-04 08:52:12 - INFO - core.ffmpeg_profiles - Detected SD/DVD (720x480).
2026-05-04 08:52:12 - INFO - tv.tv_pipeline - Encoding TV episode: /mnt/bigbrother/TV/Monty Python's Flying Circus/rip/S2D2/D3_t04.mkv -> /mnt/bigbrother/TV/Monty Python's Flying Circus/process/staging/S2D2/D3_t04.mkv using profile sd
2026-05-04 08:52:12 - INFO - core.ffmpeg_runner - FFmpeg CMD: ffmpeg -hide_banner -nostdin -y -vaapi_device /dev/dri/renderD128 -i '/mnt/bigbrother/TV/Monty Python'"'"'s Flying Circus/rip/S2D2/D3_t04.mkv' -map 0:v:0 -map 0:a -map_metadata -1 -vf format=nv12,hwupload -c:v hevc_vaapi -b:v 5M -c:a copy -metadata:s:a:0 language=eng -disposition:a:0 default -max_muxing_queue_size 9999 '/mnt/bigbrother/TV/Monty Python'"'"'s Flying Circus/process/staging/S2D2/D3_t04.mkv'
2026-05-04 08:52:46 - INFO - core.ffmpeg_runner - Encode succeeded: /mnt/bigbrother/TV/Monty Python's Flying Circus/process/staging/S2D2/D3_t04.mkv (1092.1 MB)
2026-05-04 08:52:46 - INFO - core.ffmpeg_profiles - Detected SD/DVD (720x480).
2026-05-04 08:52:46 - INFO - tv.tv_pipeline - Encoding TV episode: /mnt/bigbrother/TV/Monty Python's Flying Circus/rip/S2D2/D4_t05.mkv -> /mnt/bigbrother/TV/Monty Python's Flying Circus/process/staging/S2D2/D4_t05.mkv using profile sd
2026-05-04 08:52:46 - INFO - core.ffmpeg_runner - FFmpeg CMD: ffmpeg -hide_banner -nostdin -y -vaapi_device /dev/dri/renderD128 -i '/mnt/bigbrother/TV/Monty Python'"'"'s Flying Circus/rip/S2D2/D4_t05.mkv' -map 0:v:0 -map 0:a -map_metadata -1 -vf format=nv12,hwupload -c:v hevc_vaapi -b:v 5M -c:a copy -metadata:s:a:0 language=eng -disposition:a:0 default -max_muxing_queue_size 9999 '/mnt/bigbrother/TV/Monty Python'"'"'s Flying Circus/process/staging/S2D2/D4_t05.mkv'
2026-05-04 08:53:19 - INFO - core.ffmpeg_runner - Encode succeeded: /mnt/bigbrother/TV/Monty Python's Flying Circus/process/staging/S2D2/D4_t05.mkv (1078.1 MB)
2026-05-04 08:53:19 - INFO - core.ffmpeg_profiles - Detected SD/DVD (720x480).
2026-05-04 08:53:19 - INFO - tv.tv_pipeline - Encoding TV episode: /mnt/bigbrother/TV/Monty Python's Flying Circus/rip/S2D2/D5_t06.mkv -> /mnt/bigbrother/TV/Monty Python's Flying Circus/process/staging/S2D2/D5_t06.mkv using profile sd
2026-05-04 08:53:19 - INFO - core.ffmpeg_runner - FFmpeg CMD: ffmpeg -hide_banner -nostdin -y -vaapi_device /dev/dri/renderD128 -i '/mnt/bigbrother/TV/Monty Python'"'"'s Flying Circus/rip/S2D2/D5_t06.mkv' -map 0:v:0 -map 0:a -map_metadata -1 -vf format=nv12,hwupload -c:v hevc_vaapi -b:v 5M -c:a copy -metadata:s:a:0 language=eng -disposition:a:0 default -max_muxing_queue_size 9999 '/mnt/bigbrother/TV/Monty Python'"'"'s Flying Circus/process/staging/S2D2/D5_t06.mkv'
2026-05-04 08:53:52 - INFO - core.ffmpeg_runner - Encode succeeded: /mnt/bigbrother/TV/Monty Python's Flying Circus/process/staging/S2D2/D5_t06.mkv (1108.2 MB)
2026-05-04 08:53:52 - INFO - core.ffmpeg_profiles - Detected SD/DVD (720x480).
2026-05-04 08:53:52 - INFO - tv.tv_pipeline - Encoding TV episode: /mnt/bigbrother/TV/Monty Python's Flying Circus/rip/S2D2/D6_t07.mkv -> /mnt/bigbrother/TV/Monty Python's Flying Circus/process/staging/S2D2/D6_t07.mkv using profile sd
2026-05-04 08:53:52 - INFO - core.ffmpeg_runner - FFmpeg CMD: ffmpeg -hide_banner -nostdin -y -vaapi_device /dev/dri/renderD128 -i '/mnt/bigbrother/TV/Monty Python'"'"'s Flying Circus/rip/S2D2/D6_t07.mkv' -map 0:v:0 -map 0:a -map_metadata -1 -vf format=nv12,hwupload -c:v hevc_vaapi -b:v 5M -c:a copy -metadata:s:a:0 language=eng -disposition:a:0 default -max_muxing_queue_size 9999 '/mnt/bigbrother/TV/Monty Python'"'"'s Flying Circus/process/staging/S2D2/D6_t07.mkv'
2026-05-04 08:54:26 - INFO - core.ffmpeg_runner - Encode succeeded: /mnt/bigbrother/TV/Monty Python's Flying Circus/process/staging/S2D2/D6_t07.mkv (1063.5 MB)
2026-05-04 08:54:26 - INFO - core.ffmpeg_profiles - Detected SD/DVD (720x480).
2026-05-04 08:54:26 - INFO - tv.tv_pipeline - Encoding TV episode: /mnt/bigbrother/TV/Monty Python's Flying Circus/rip/S2D2/E1_t08.mkv -> /mnt/bigbrother/TV/Monty Python's Flying Circus/process/staging/S2D2/E1_t08.mkv using profile sd
2026-05-04 08:54:26 - INFO - core.ffmpeg_runner - FFmpeg CMD: ffmpeg -hide_banner -nostdin -y -vaapi_device /dev/dri/renderD128 -i '/mnt/bigbrother/TV/Monty Python'"'"'s Flying Circus/rip/S2D2/E1_t08.mkv' -map 0:v:0 -map 0:a -map_metadata -1 -vf format=nv12,hwupload -c:v hevc_vaapi -b:v 5M -c:a copy -metadata:s:a:0 language=eng -disposition:a:0 default -max_muxing_queue_size 9999 '/mnt/bigbrother/TV/Monty Python'"'"'s Flying Circus/process/staging/S2D2/E1_t08.mkv'
2026-05-04 08:54:29 - INFO - core.ffmpeg_runner - Encode succeeded: /mnt/bigbrother/TV/Monty Python's Flying Circus/process/staging/S2D2/E1_t08.mkv (96.0 MB)
2026-05-04 08:54:29 - INFO - core.ffmpeg_profiles - Detected SD/DVD (720x480).
2026-05-04 08:54:29 - INFO - tv.tv_pipeline - Encoding TV episode: /mnt/bigbrother/TV/Monty Python's Flying Circus/rip/S2D2/E2_t09.mkv -> /mnt/bigbrother/TV/Monty Python's Flying Circus/process/staging/S2D2/E2_t09.mkv using profile sd
2026-05-04 08:54:29 - INFO - core.ffmpeg_runner - FFmpeg CMD: ffmpeg -hide_banner -nostdin -y -vaapi_device /dev/dri/renderD128 -i '/mnt/bigbrother/TV/Monty Python'"'"'s Flying Circus/rip/S2D2/E2_t09.mkv' -map 0:v:0 -map 0:a -map_metadata -1 -vf format=nv12,hwupload -c:v hevc_vaapi -b:v 5M -c:a copy -metadata:s:a:0 language=eng -disposition:a:0 default -max_muxing_queue_size 9999 '/mnt/bigbrother/TV/Monty Python'"'"'s Flying Circus/process/staging/S2D2/E2_t09.mkv'
2026-05-04 08:54:39 - INFO - core.ffmpeg_runner - Encode succeeded: /mnt/bigbrother/TV/Monty Python's Flying Circus/process/staging/S2D2/E2_t09.mkv (335.1 MB)
2026-05-04 08:54:39 - INFO - core.ffmpeg_profiles - Detected SD/DVD (720x480).
2026-05-04 08:54:39 - INFO - tv.tv_pipeline - Encoding TV episode: /mnt/bigbrother/TV/Monty Python's Flying Circus/rip/S2D2/E3_t10.mkv -> /mnt/bigbrother/TV/Monty Python's Flying Circus/process/staging/S2D2/E3_t10.mkv using profile sd
2026-05-04 08:54:39 - INFO - core.ffmpeg_runner - FFmpeg CMD: ffmpeg -hide_banner -nostdin -y -vaapi_device /dev/dri/renderD128 -i '/mnt/bigbrother/TV/Monty Python'"'"'s Flying Circus/rip/S2D2/E3_t10.mkv' -map 0:v:0 -map 0:a -map_metadata -1 -vf format=nv12,hwupload -c:v hevc_vaapi -b:v 5M -c:a copy -metadata:s:a:0 language=eng -disposition:a:0 default -max_muxing_queue_size 9999 '/mnt/bigbrother/TV/Monty Python'"'"'s Flying Circus/process/staging/S2D2/E3_t10.mkv'
2026-05-04 08:54:47 - INFO - core.ffmpeg_runner - Encode succeeded: /mnt/bigbrother/TV/Monty Python's Flying Circus/process/staging/S2D2/E3_t10.mkv (257.5 MB)
2026-05-04 08:54:47 - INFO - core.ffmpeg_profiles - Detected SD/DVD (720x480).
2026-05-04 08:54:47 - INFO - tv.tv_pipeline - Encoding TV episode: /mnt/bigbrother/TV/Monty Python's Flying Circus/rip/S2D2/E4_t11.mkv -> /mnt/bigbrother/TV/Monty Python's Flying Circus/process/staging/S2D2/E4_t11.mkv using profile sd
2026-05-04 08:54:47 - INFO - core.ffmpeg_runner - FFmpeg CMD: ffmpeg -hide_banner -nostdin -y -vaapi_device /dev/dri/renderD128 -i '/mnt/bigbrother/TV/Monty Python'"'"'s Flying Circus/rip/S2D2/E4_t11.mkv' -map 0:v:0 -map 0:a -map_metadata -1 -vf format=nv12,hwupload -c:v hevc_vaapi -b:v 5M -c:a copy -metadata:s:a:0 language=eng -disposition:a:0 default -max_muxing_queue_size 9999 '/mnt/bigbrother/TV/Monty Python'"'"'s Flying Circus/process/staging/S2D2/E4_t11.mkv'
2026-05-04 08:54:51 - INFO - core.ffmpeg_runner - Encode succeeded: /mnt/bigbrother/TV/Monty Python's Flying Circus/process/staging/S2D2/E4_t11.mkv (150.1 MB)
2026-05-04 08:54:51 - INFO - core.ffmpeg_profiles - Detected SD/DVD (720x480).
2026-05-04 08:54:51 - INFO - tv.tv_pipeline - Encoding TV episode: /mnt/bigbrother/TV/Monty Python's Flying Circus/rip/S2D2/E8_t12.mkv -> /mnt/bigbrother/TV/Monty Python's Flying Circus/process/staging/S2D2/E8_t12.mkv using profile sd
2026-05-04 08:54:51 - INFO - core.ffmpeg_runner - FFmpeg CMD: ffmpeg -hide_banner -nostdin -y -vaapi_device /dev/dri/renderD128 -i '/mnt/bigbrother/TV/Monty Python'"'"'s Flying Circus/rip/S2D2/E8_t12.mkv' -map 0:v:0 -map 0:a -map_metadata -1 -vf format=nv12,hwupload -c:v hevc_vaapi -b:v 5M -c:a copy -metadata:s:a:0 language=eng -disposition:a:0 default -max_muxing_queue_size 9999 '/mnt/bigbrother/TV/Monty Python'"'"'s Flying Circus/process/staging/S2D2/E8_t12.mkv'
2026-05-04 08:54:55 - INFO - core.ffmpeg_runner - Encode succeeded: /mnt/bigbrother/TV/Monty Python's Flying Circus/process/staging/S2D2/E8_t12.mkv (124.1 MB)
2026-05-04 08:54:55 - INFO - core.ffmpeg_profiles - Detected SD/DVD (720x480).
2026-05-04 08:54:55 - INFO - tv.tv_pipeline - Encoding TV episode: /mnt/bigbrother/TV/Monty Python's Flying Circus/rip/S2D2/E9_t13.mkv -> /mnt/bigbrother/TV/Monty Python's Flying Circus/process/staging/S2D2/E9_t13.mkv using profile sd
2026-05-04 08:54:55 - INFO - core.ffmpeg_runner - FFmpeg CMD: ffmpeg -hide_banner -nostdin -y -vaapi_device /dev/dri/renderD128 -i '/mnt/bigbrother/TV/Monty Python'"'"'s Flying Circus/rip/S2D2/E9_t13.mkv' -map 0:v:0 -map 0:a -map_metadata -1 -vf format=nv12,hwupload -c:v hevc_vaapi -b:v 5M -c:a copy -metadata:s:a:0 language=eng -disposition:a:0 default -max_muxing_queue_size 9999 '/mnt/bigbrother/TV/Monty Python'"'"'s Flying Circus/process/staging/S2D2/E9_t13.mkv'
2026-05-04 08:54:58 - INFO - core.ffmpeg_runner - Encode succeeded: /mnt/bigbrother/TV/Monty Python's Flying Circus/process/staging/S2D2/E9_t13.mkv (86.7 MB)
2026-05-04 08:54:58 - INFO - core.ffmpeg_profiles - Detected SD/DVD (720x480).
2026-05-04 08:54:58 - INFO - tv.tv_pipeline - Encoding TV episode: /mnt/bigbrother/TV/Monty Python's Flying Circus/rip/S2D2/E10_t14.mkv -> /mnt/bigbrother/TV/Monty Python's Flying Circus/process/staging/S2D2/E10_t14.mkv using profile sd
2026-05-04 08:54:58 - INFO - core.ffmpeg_runner - FFmpeg CMD: ffmpeg -hide_banner -nostdin -y -vaapi_device /dev/dri/renderD128 -i '/mnt/bigbrother/TV/Monty Python'"'"'s Flying Circus/rip/S2D2/E10_t14.mkv' -map 0:v:0 -map 0:a -map_metadata -1 -vf format=nv12,hwupload -c:v hevc_vaapi -b:v 5M -c:a copy -metadata:s:a:0 language=eng -disposition:a:0 default -max_muxing_queue_size 9999 '/mnt/bigbrother/TV/Monty Python'"'"'s Flying Circus/process/staging/S2D2/E10_t14.mkv'
2026-05-04 08:55:12 - INFO - core.ffmpeg_runner - Encode succeeded: /mnt/bigbrother/TV/Monty Python's Flying Circus/process/staging/S2D2/E10_t14.mkv (442.3 MB)
2026-05-04 08:55:12 - INFO - core.ffmpeg_profiles - Detected SD/DVD (720x480).
2026-05-04 08:55:12 - INFO - tv.tv_pipeline - Encoding TV episode: /mnt/bigbrother/TV/Monty Python's Flying Circus/rip/S3D1/C1_t00.mkv -> /mnt/bigbrother/TV/Monty Python's Flying Circus/process/staging/S3D1/C1_t00.mkv using profile sd
2026-05-04 08:55:12 - INFO - core.ffmpeg_runner - FFmpeg CMD: ffmpeg -hide_banner -nostdin -y -vaapi_device /dev/dri/renderD128 -i '/mnt/bigbrother/TV/Monty Python'"'"'s Flying Circus/rip/S3D1/C1_t00.mkv' -map 0:v:0 -map 0:a -map_metadata -1 -vf format=nv12,hwupload -c:v hevc_vaapi -b:v 5M -c:a copy -metadata:s:a:0 language=eng -disposition:a:0 default -max_muxing_queue_size 9999 '/mnt/bigbrother/TV/Monty Python'"'"'s Flying Circus/process/staging/S3D1/C1_t00.mkv'
2026-05-04 08:55:46 - INFO - core.ffmpeg_runner - Encode succeeded: /mnt/bigbrother/TV/Monty Python's Flying Circus/process/staging/S3D1/C1_t00.mkv (1127.0 MB)
2026-05-04 08:55:46 - INFO - core.ffmpeg_profiles - Detected SD/DVD (720x480).
2026-05-04 08:55:46 - INFO - tv.tv_pipeline - Encoding TV episode: /mnt/bigbrother/TV/Monty Python's Flying Circus/rip/S3D1/D2_t01.mkv -> /mnt/bigbrother/TV/Monty Python's Flying Circus/process/staging/S3D1/D2_t01.mkv using profile sd
2026-05-04 08:55:46 - INFO - core.ffmpeg_runner - FFmpeg CMD: ffmpeg -hide_banner -nostdin -y -vaapi_device /dev/dri/renderD128 -i '/mnt/bigbrother/TV/Monty Python'"'"'s Flying Circus/rip/S3D1/D2_t01.mkv' -map 0:v:0 -map 0:a -map_metadata -1 -vf format=nv12,hwupload -c:v hevc_vaapi -b:v 5M -c:a copy -metadata:s:a:0 language=eng -disposition:a:0 default -max_muxing_queue_size 9999 '/mnt/bigbrother/TV/Monty Python'"'"'s Flying Circus/process/staging/S3D1/D2_t01.mkv'
2026-05-04 08:56:18 - INFO - core.ffmpeg_runner - Encode succeeded: /mnt/bigbrother/TV/Monty Python's Flying Circus/process/staging/S3D1/D2_t01.mkv (1066.0 MB)
2026-05-04 08:56:18 - INFO - core.ffmpeg_profiles - Detected SD/DVD (720x480).
2026-05-04 08:56:18 - INFO - tv.tv_pipeline - Encoding TV episode: /mnt/bigbrother/TV/Monty Python's Flying Circus/rip/S3D1/D3_t02.mkv -> /mnt/bigbrother/TV/Monty Python's Flying Circus/process/staging/S3D1/D3_t02.mkv using profile sd
2026-05-04 08:56:18 - INFO - core.ffmpeg_runner - FFmpeg CMD: ffmpeg -hide_banner -nostdin -y -vaapi_device /dev/dri/renderD128 -i '/mnt/bigbrother/TV/Monty Python'"'"'s Flying Circus/rip/S3D1/D3_t02.mkv' -map 0:v:0 -map 0:a -map_metadata -1 -vf format=nv12,hwupload -c:v hevc_vaapi -b:v 5M -c:a copy -metadata:s:a:0 language=eng -disposition:a:0 default -max_muxing_queue_size 9999 '/mnt/bigbrother/TV/Monty Python'"'"'s Flying Circus/process/staging/S3D1/D3_t02.mkv'
2026-05-04 08:56:50 - INFO - core.ffmpeg_runner - Encode succeeded: /mnt/bigbrother/TV/Monty Python's Flying Circus/process/staging/S3D1/D3_t02.mkv (1048.6 MB)
2026-05-04 08:56:50 - INFO - core.ffmpeg_profiles - Detected SD/DVD (720x480).
2026-05-04 08:56:50 - INFO - tv.tv_pipeline - Encoding TV episode: /mnt/bigbrother/TV/Monty Python's Flying Circus/rip/S3D1/D4_t03.mkv -> /mnt/bigbrother/TV/Monty Python's Flying Circus/process/staging/S3D1/D4_t03.mkv using profile sd
2026-05-04 08:56:50 - INFO - core.ffmpeg_runner - FFmpeg CMD: ffmpeg -hide_banner -nostdin -y -vaapi_device /dev/dri/renderD128 -i '/mnt/bigbrother/TV/Monty Python'"'"'s Flying Circus/rip/S3D1/D4_t03.mkv' -map 0:v:0 -map 0:a -map_metadata -1 -vf format=nv12,hwupload -c:v hevc_vaapi -b:v 5M -c:a copy -metadata:s:a:0 language=eng -disposition:a:0 default -max_muxing_queue_size 9999 '/mnt/bigbrother/TV/Monty Python'"'"'s Flying Circus/process/staging/S3D1/D4_t03.mkv'
2026-05-04 08:57:23 - INFO - core.ffmpeg_runner - Encode succeeded: /mnt/bigbrother/TV/Monty Python's Flying Circus/process/staging/S3D1/D4_t03.mkv (1079.6 MB)
2026-05-04 08:57:23 - INFO - core.ffmpeg_profiles - Detected SD/DVD (720x480).
2026-05-04 08:57:23 - INFO - tv.tv_pipeline - Encoding TV episode: /mnt/bigbrother/TV/Monty Python's Flying Circus/rip/S3D1/D5_t04.mkv -> /mnt/bigbrother/TV/Monty Python's Flying Circus/process/staging/S3D1/D5_t04.mkv using profile sd
2026-05-04 08:57:23 - INFO - core.ffmpeg_runner - FFmpeg CMD: ffmpeg -hide_banner -nostdin -y -vaapi_device /dev/dri/renderD128 -i '/mnt/bigbrother/TV/Monty Python'"'"'s Flying Circus/rip/S3D1/D5_t04.mkv' -map 0:v:0 -map 0:a -map_metadata -1 -vf format=nv12,hwupload -c:v hevc_vaapi -b:v 5M -c:a copy -metadata:s:a:0 language=eng -disposition:a:0 default -max_muxing_queue_size 9999 '/mnt/bigbrother/TV/Monty Python'"'"'s Flying Circus/process/staging/S3D1/D5_t04.mkv'
2026-05-04 08:57:58 - INFO - core.ffmpeg_runner - Encode succeeded: /mnt/bigbrother/TV/Monty Python's Flying Circus/process/staging/S3D1/D5_t04.mkv (1115.9 MB)
2026-05-04 08:57:58 - INFO - core.ffmpeg_profiles - Detected SD/DVD (720x480).
2026-05-04 08:57:58 - INFO - tv.tv_pipeline - Encoding TV episode: /mnt/bigbrother/TV/Monty Python's Flying Circus/rip/S3D1/D6_t05.mkv -> /mnt/bigbrother/TV/Monty Python's Flying Circus/process/staging/S3D1/D6_t05.mkv using profile sd
2026-05-04 08:57:58 - INFO - core.ffmpeg_runner - FFmpeg CMD: ffmpeg -hide_banner -nostdin -y -vaapi_device /dev/dri/renderD128 -i '/mnt/bigbrother/TV/Monty Python'"'"'s Flying Circus/rip/S3D1/D6_t05.mkv' -map 0:v:0 -map 0:a -map_metadata -1 -vf format=nv12,hwupload -c:v hevc_vaapi -b:v 5M -c:a copy -metadata:s:a:0 language=eng -disposition:a:0 default -max_muxing_queue_size 9999 '/mnt/bigbrother/TV/Monty Python'"'"'s Flying Circus/process/staging/S3D1/D6_t05.mkv'
2026-05-04 08:58:29 - INFO - core.ffmpeg_runner - Encode succeeded: /mnt/bigbrother/TV/Monty Python's Flying Circus/process/staging/S3D1/D6_t05.mkv (1002.6 MB)
2026-05-04 08:58:29 - INFO - core.ffmpeg_profiles - Detected SD/DVD (720x480).
2026-05-04 08:58:29 - INFO - tv.tv_pipeline - Encoding TV episode: /mnt/bigbrother/TV/Monty Python's Flying Circus/rip/S3D1/C1_t06.mkv -> /mnt/bigbrother/TV/Monty Python's Flying Circus/process/staging/S3D1/C1_t06.mkv using profile sd
2026-05-04 08:58:29 - INFO - core.ffmpeg_runner - FFmpeg CMD: ffmpeg -hide_banner -nostdin -y -vaapi_device /dev/dri/renderD128 -i '/mnt/bigbrother/TV/Monty Python'"'"'s Flying Circus/rip/S3D1/C1_t06.mkv' -map 0:v:0 -map 0:a -map_metadata -1 -vf format=nv12,hwupload -c:v hevc_vaapi -b:v 5M -c:a copy -metadata:s:a:0 language=eng -disposition:a:0 default -max_muxing_queue_size 9999 '/mnt/bigbrother/TV/Monty Python'"'"'s Flying Circus/process/staging/S3D1/C1_t06.mkv'
2026-05-04 08:59:01 - INFO - core.ffmpeg_runner - Encode succeeded: /mnt/bigbrother/TV/Monty Python's Flying Circus/process/staging/S3D1/C1_t06.mkv (1040.0 MB)
2026-05-04 08:59:01 - INFO - core.ffmpeg_profiles - Detected SD/DVD (720x480).
2026-05-04 08:59:01 - INFO - tv.tv_pipeline - Encoding TV episode: /mnt/bigbrother/TV/Monty Python's Flying Circus/rip/S3D2/E2_t00.mkv -> /mnt/bigbrother/TV/Monty Python's Flying Circus/process/staging/S3D2/E2_t00.mkv using profile sd
2026-05-04 08:59:01 - INFO - core.ffmpeg_runner - FFmpeg CMD: ffmpeg -hide_banner -nostdin -y -vaapi_device /dev/dri/renderD128 -i '/mnt/bigbrother/TV/Monty Python'"'"'s Flying Circus/rip/S3D2/E2_t00.mkv' -map 0:v:0 -map 0:a -map_metadata -1 -vf format=nv12,hwupload -c:v hevc_vaapi -b:v 5M -c:a copy -metadata:s:a:0 language=eng -disposition:a:0 default -max_muxing_queue_size 9999 '/mnt/bigbrother/TV/Monty Python'"'"'s Flying Circus/process/staging/S3D2/E2_t00.mkv'
2026-05-04 08:59:04 - INFO - core.ffmpeg_runner - Encode succeeded: /mnt/bigbrother/TV/Monty Python's Flying Circus/process/staging/S3D2/E2_t00.mkv (109.7 MB)
2026-05-04 08:59:04 - INFO - core.ffmpeg_profiles - Detected SD/DVD (720x480).
2026-05-04 08:59:04 - INFO - tv.tv_pipeline - Encoding TV episode: /mnt/bigbrother/TV/Monty Python's Flying Circus/rip/S3D2/E3_t01.mkv -> /mnt/bigbrother/TV/Monty Python's Flying Circus/process/staging/S3D2/E3_t01.mkv using profile sd
2026-05-04 08:59:04 - INFO - core.ffmpeg_runner - FFmpeg CMD: ffmpeg -hide_banner -nostdin -y -vaapi_device /dev/dri/renderD128 -i '/mnt/bigbrother/TV/Monty Python'"'"'s Flying Circus/rip/S3D2/E3_t01.mkv' -map 0:v:0 -map 0:a -map_metadata -1 -vf format=nv12,hwupload -c:v hevc_vaapi -b:v 5M -c:a copy -metadata:s:a:0 language=eng -disposition:a:0 default -max_muxing_queue_size 9999 '/mnt/bigbrother/TV/Monty Python'"'"'s Flying Circus/process/staging/S3D2/E3_t01.mkv'
2026-05-04 08:59:12 - INFO - core.ffmpeg_runner - Encode succeeded: /mnt/bigbrother/TV/Monty Python's Flying Circus/process/staging/S3D2/E3_t01.mkv (240.0 MB)
2026-05-04 08:59:12 - INFO - core.ffmpeg_profiles - Detected SD/DVD (720x480).
2026-05-04 08:59:12 - INFO - tv.tv_pipeline - Encoding TV episode: /mnt/bigbrother/TV/Monty Python's Flying Circus/rip/S3D2/E4_t02.mkv -> /mnt/bigbrother/TV/Monty Python's Flying Circus/process/staging/S3D2/E4_t02.mkv using profile sd
2026-05-04 08:59:12 - INFO - core.ffmpeg_runner - FFmpeg CMD: ffmpeg -hide_banner -nostdin -y -vaapi_device /dev/dri/renderD128 -i '/mnt/bigbrother/TV/Monty Python'"'"'s Flying Circus/rip/S3D2/E4_t02.mkv' -map 0:v:0 -map 0:a -map_metadata -1 -vf format=nv12,hwupload -c:v hevc_vaapi -b:v 5M -c:a copy -metadata:s:a:0 language=eng -disposition:a:0 default -max_muxing_queue_size 9999 '/mnt/bigbrother/TV/Monty Python'"'"'s Flying Circus/process/staging/S3D2/E4_t02.mkv'
2026-05-04 08:59:21 - INFO - core.ffmpeg_runner - Encode succeeded: /mnt/bigbrother/TV/Monty Python's Flying Circus/process/staging/S3D2/E4_t02.mkv (292.1 MB)
2026-05-04 08:59:21 - INFO - core.ffmpeg_profiles - Detected SD/DVD (720x480).
2026-05-04 08:59:21 - INFO - tv.tv_pipeline - Encoding TV episode: /mnt/bigbrother/TV/Monty Python's Flying Circus/rip/S3D2/F1_t03.mkv -> /mnt/bigbrother/TV/Monty Python's Flying Circus/process/staging/S3D2/F1_t03.mkv using profile sd
2026-05-04 08:59:21 - INFO - core.ffmpeg_runner - FFmpeg CMD: ffmpeg -hide_banner -nostdin -y -vaapi_device /dev/dri/renderD128 -i '/mnt/bigbrother/TV/Monty Python'"'"'s Flying Circus/rip/S3D2/F1_t03.mkv' -map 0:v:0 -map 0:a -map_metadata -1 -vf format=nv12,hwupload -c:v hevc_vaapi -b:v 5M -c:a copy -metadata:s:a:0 language=eng -disposition:a:0 default -max_muxing_queue_size 9999 '/mnt/bigbrother/TV/Monty Python'"'"'s Flying Circus/process/staging/S3D2/F1_t03.mkv'
2026-05-04 08:59:25 - INFO - core.ffmpeg_runner - Encode succeeded: /mnt/bigbrother/TV/Monty Python's Flying Circus/process/staging/S3D2/F1_t03.mkv (129.2 MB)
2026-05-04 08:59:25 - INFO - core.ffmpeg_profiles - Detected SD/DVD (720x480).
2026-05-04 08:59:25 - INFO - tv.tv_pipeline - Encoding TV episode: /mnt/bigbrother/TV/Monty Python's Flying Circus/rip/S3D2/F7_t04.mkv -> /mnt/bigbrother/TV/Monty Python's Flying Circus/process/staging/S3D2/F7_t04.mkv using profile sd
2026-05-04 08:59:25 - INFO - core.ffmpeg_runner - FFmpeg CMD: ffmpeg -hide_banner -nostdin -y -vaapi_device /dev/dri/renderD128 -i '/mnt/bigbrother/TV/Monty Python'"'"'s Flying Circus/rip/S3D2/F7_t04.mkv' -map 0:v:0 -map 0:a -map_metadata -1 -vf format=nv12,hwupload -c:v hevc_vaapi -b:v 5M -c:a copy -metadata:s:a:0 language=eng -disposition:a:0 default -max_muxing_queue_size 9999 '/mnt/bigbrother/TV/Monty Python'"'"'s Flying Circus/process/staging/S3D2/F7_t04.mkv'
2026-05-04 08:59:33 - INFO - core.ffmpeg_runner - Encode succeeded: /mnt/bigbrother/TV/Monty Python's Flying Circus/process/staging/S3D2/F7_t04.mkv (268.2 MB)
2026-05-04 08:59:33 - INFO - core.ffmpeg_profiles - Detected SD/DVD (720x480).
2026-05-04 08:59:33 - INFO - tv.tv_pipeline - Encoding TV episode: /mnt/bigbrother/TV/Monty Python's Flying Circus/rip/S3D2/F8_t05.mkv -> /mnt/bigbrother/TV/Monty Python's Flying Circus/process/staging/S3D2/F8_t05.mkv using profile sd
2026-05-04 08:59:33 - INFO - core.ffmpeg_runner - FFmpeg CMD: ffmpeg -hide_banner -nostdin -y -vaapi_device /dev/dri/renderD128 -i '/mnt/bigbrother/TV/Monty Python'"'"'s Flying Circus/rip/S3D2/F8_t05.mkv' -map 0:v:0 -map 0:a -map_metadata -1 -vf format=nv12,hwupload -c:v hevc_vaapi -b:v 5M -c:a copy -metadata:s:a:0 language=eng -disposition:a:0 default -max_muxing_queue_size 9999 '/mnt/bigbrother/TV/Monty Python'"'"'s Flying Circus/process/staging/S3D2/F8_t05.mkv'
2026-05-04 08:59:40 - INFO - core.ffmpeg_runner - Encode succeeded: /mnt/bigbrother/TV/Monty Python's Flying Circus/process/staging/S3D2/F8_t05.mkv (222.6 MB)
2026-05-04 08:59:40 - INFO - core.ffmpeg_profiles - Detected SD/DVD (720x480).
2026-05-04 08:59:40 - INFO - tv.tv_pipeline - Encoding TV episode: /mnt/bigbrother/TV/Monty Python's Flying Circus/rip/S3D2/C1_t06.mkv -> /mnt/bigbrother/TV/Monty Python's Flying Circus/process/staging/S3D2/C1_t06.mkv using profile sd
2026-05-04 08:59:40 - INFO - core.ffmpeg_runner - FFmpeg CMD: ffmpeg -hide_banner -nostdin -y -vaapi_device /dev/dri/renderD128 -i '/mnt/bigbrother/TV/Monty Python'"'"'s Flying Circus/rip/S3D2/C1_t06.mkv' -map 0:v:0 -map 0:a -map_metadata -1 -vf format=nv12,hwupload -c:v hevc_vaapi -b:v 5M -c:a copy -metadata:s:a:0 language=eng -disposition:a:0 default -max_muxing_queue_size 9999 '/mnt/bigbrother/TV/Monty Python'"'"'s Flying Circus/process/staging/S3D2/C1_t06.mkv'
2026-05-04 09:00:15 - INFO - core.ffmpeg_runner - Encode succeeded: /mnt/bigbrother/TV/Monty Python's Flying Circus/process/staging/S3D2/C1_t06.mkv (1140.6 MB)
2026-05-04 09:00:15 - INFO - core.ffmpeg_profiles - Detected SD/DVD (720x480).
2026-05-04 09:00:15 - INFO - tv.tv_pipeline - Encoding TV episode: /mnt/bigbrother/TV/Monty Python's Flying Circus/rip/S3D2/D2_t07.mkv -> /mnt/bigbrother/TV/Monty Python's Flying Circus/process/staging/S3D2/D2_t07.mkv using profile sd
2026-05-04 09:00:15 - INFO - core.ffmpeg_runner - FFmpeg CMD: ffmpeg -hide_banner -nostdin -y -vaapi_device /dev/dri/renderD128 -i '/mnt/bigbrother/TV/Monty Python'"'"'s Flying Circus/rip/S3D2/D2_t07.mkv' -map 0:v:0 -map 0:a -map_metadata -1 -vf format=nv12,hwupload -c:v hevc_vaapi -b:v 5M -c:a copy -metadata:s:a:0 language=eng -disposition:a:0 default -max_muxing_queue_size 9999 '/mnt/bigbrother/TV/Monty Python'"'"'s Flying Circus/process/staging/S3D2/D2_t07.mkv'
2026-05-04 09:00:50 - INFO - core.ffmpeg_runner - Encode succeeded: /mnt/bigbrother/TV/Monty Python's Flying Circus/process/staging/S3D2/D2_t07.mkv (1145.2 MB)
2026-05-04 09:00:50 - INFO - core.ffmpeg_profiles - Detected SD/DVD (720x480).
2026-05-04 09:00:50 - INFO - tv.tv_pipeline - Encoding TV episode: /mnt/bigbrother/TV/Monty Python's Flying Circus/rip/S3D2/D3_t08.mkv -> /mnt/bigbrother/TV/Monty Python's Flying Circus/process/staging/S3D2/D3_t08.mkv using profile sd
2026-05-04 09:00:50 - INFO - core.ffmpeg_runner - FFmpeg CMD: ffmpeg -hide_banner -nostdin -y -vaapi_device /dev/dri/renderD128 -i '/mnt/bigbrother/TV/Monty Python'"'"'s Flying Circus/rip/S3D2/D3_t08.mkv' -map 0:v:0 -map 0:a -map_metadata -1 -vf format=nv12,hwupload -c:v hevc_vaapi -b:v 5M -c:a copy -metadata:s:a:0 language=eng -disposition:a:0 default -max_muxing_queue_size 9999 '/mnt/bigbrother/TV/Monty Python'"'"'s Flying Circus/process/staging/S3D2/D3_t08.mkv'
2026-05-04 09:01:21 - INFO - core.ffmpeg_runner - Encode succeeded: /mnt/bigbrother/TV/Monty Python's Flying Circus/process/staging/S3D2/D3_t08.mkv (1014.2 MB)
2026-05-04 09:01:21 - INFO - core.ffmpeg_profiles - Detected SD/DVD (720x480).
2026-05-04 09:01:21 - INFO - tv.tv_pipeline - Encoding TV episode: /mnt/bigbrother/TV/Monty Python's Flying Circus/rip/S3D2/D4_t09.mkv -> /mnt/bigbrother/TV/Monty Python's Flying Circus/process/staging/S3D2/D4_t09.mkv using profile sd
2026-05-04 09:01:21 - INFO - core.ffmpeg_runner - FFmpeg CMD: ffmpeg -hide_banner -nostdin -y -vaapi_device /dev/dri/renderD128 -i '/mnt/bigbrother/TV/Monty Python'"'"'s Flying Circus/rip/S3D2/D4_t09.mkv' -map 0:v:0 -map 0:a -map_metadata -1 -vf format=nv12,hwupload -c:v hevc_vaapi -b:v 5M -c:a copy -metadata:s:a:0 language=eng -disposition:a:0 default -max_muxing_queue_size 9999 '/mnt/bigbrother/TV/Monty Python'"'"'s Flying Circus/process/staging/S3D2/D4_t09.mkv'
2026-05-04 09:01:56 - INFO - core.ffmpeg_runner - Encode succeeded: /mnt/bigbrother/TV/Monty Python's Flying Circus/process/staging/S3D2/D4_t09.mkv (1151.4 MB)
2026-05-04 09:01:56 - INFO - core.ffmpeg_profiles - Detected SD/DVD (720x480).
2026-05-04 09:01:56 - INFO - tv.tv_pipeline - Encoding TV episode: /mnt/bigbrother/TV/Monty Python's Flying Circus/rip/S3D2/D5_t10.mkv -> /mnt/bigbrother/TV/Monty Python's Flying Circus/process/staging/S3D2/D5_t10.mkv using profile sd
2026-05-04 09:01:56 - INFO - core.ffmpeg_runner - FFmpeg CMD: ffmpeg -hide_banner -nostdin -y -vaapi_device /dev/dri/renderD128 -i '/mnt/bigbrother/TV/Monty Python'"'"'s Flying Circus/rip/S3D2/D5_t10.mkv' -map 0:v:0 -map 0:a -map_metadata -1 -vf format=nv12,hwupload -c:v hevc_vaapi -b:v 5M -c:a copy -metadata:s:a:0 language=eng -disposition:a:0 default -max_muxing_queue_size 9999 '/mnt/bigbrother/TV/Monty Python'"'"'s Flying Circus/process/staging/S3D2/D5_t10.mkv'
2026-05-04 09:02:28 - INFO - core.ffmpeg_runner - Encode succeeded: /mnt/bigbrother/TV/Monty Python's Flying Circus/process/staging/S3D2/D5_t10.mkv (1046.9 MB)
2026-05-04 09:02:28 - INFO - core.ffmpeg_profiles - Detected SD/DVD (720x480).
2026-05-04 09:02:28 - INFO - tv.tv_pipeline - Encoding TV episode: /mnt/bigbrother/TV/Monty Python's Flying Circus/rip/S3D2/D6_t11.mkv -> /mnt/bigbrother/TV/Monty Python's Flying Circus/process/staging/S3D2/D6_t11.mkv using profile sd
2026-05-04 09:02:28 - INFO - core.ffmpeg_runner - FFmpeg CMD: ffmpeg -hide_banner -nostdin -y -vaapi_device /dev/dri/renderD128 -i '/mnt/bigbrother/TV/Monty Python'"'"'s Flying Circus/rip/S3D2/D6_t11.mkv' -map 0:v:0 -map 0:a -map_metadata -1 -vf format=nv12,hwupload -c:v hevc_vaapi -b:v 5M -c:a copy -metadata:s:a:0 language=eng -disposition:a:0 default -max_muxing_queue_size 9999 '/mnt/bigbrother/TV/Monty Python'"'"'s Flying Circus/process/staging/S3D2/D6_t11.mkv'
2026-05-04 09:02:57 - INFO - core.ffmpeg_runner - Encode succeeded: /mnt/bigbrother/TV/Monty Python's Flying Circus/process/staging/S3D2/D6_t11.mkv (976.1 MB)
2026-05-04 09:02:57 - INFO - core.ffmpeg_profiles - Detected SD/DVD (720x480).
2026-05-04 09:02:57 - INFO - tv.tv_pipeline - Encoding TV episode: /mnt/bigbrother/TV/Monty Python's Flying Circus/rip/S3D2/A36_t12.mkv -> /mnt/bigbrother/TV/Monty Python's Flying Circus/process/staging/S3D2/A36_t12.mkv using profile sd
2026-05-04 09:02:57 - INFO - core.ffmpeg_runner - FFmpeg CMD: ffmpeg -hide_banner -nostdin -y -vaapi_device /dev/dri/renderD128 -i '/mnt/bigbrother/TV/Monty Python'"'"'s Flying Circus/rip/S3D2/A36_t12.mkv' -map 0:v:0 -map 0:a -map_metadata -1 -vf format=nv12,hwupload -c:v hevc_vaapi -b:v 5M -c:a copy -metadata:s:a:0 language=eng -disposition:a:0 default -max_muxing_queue_size 9999 '/mnt/bigbrother/TV/Monty Python'"'"'s Flying Circus/process/staging/S3D2/A36_t12.mkv'
2026-05-04 09:03:00 - INFO - core.ffmpeg_runner - Encode succeeded: /mnt/bigbrother/TV/Monty Python's Flying Circus/process/staging/S3D2/A36_t12.mkv (69.9 MB)
2026-05-04 09:03:00 - INFO - core.ffmpeg_profiles - Detected SD/DVD (720x480).
2026-05-04 09:03:00 - INFO - tv.tv_pipeline - Encoding TV episode: /mnt/bigbrother/TV/Monty Python's Flying Circus/rip/S3D2/E5_t13.mkv -> /mnt/bigbrother/TV/Monty Python's Flying Circus/process/staging/S3D2/E5_t13.mkv using profile sd
2026-05-04 09:03:00 - INFO - core.ffmpeg_runner - FFmpeg CMD: ffmpeg -hide_banner -nostdin -y -vaapi_device /dev/dri/renderD128 -i '/mnt/bigbrother/TV/Monty Python'"'"'s Flying Circus/rip/S3D2/E5_t13.mkv' -map 0:v:0 -map 0:a -map_metadata -1 -vf format=nv12,hwupload -c:v hevc_vaapi -b:v 5M -c:a copy -metadata:s:a:0 language=eng -disposition:a:0 default -max_muxing_queue_size 9999 '/mnt/bigbrother/TV/Monty Python'"'"'s Flying Circus/process/staging/S3D2/E5_t13.mkv'
2026-05-04 09:03:35 - INFO - core.ffmpeg_runner - Encode succeeded: /mnt/bigbrother/TV/Monty Python's Flying Circus/process/staging/S3D2/E5_t13.mkv (1137.2 MB)
2026-05-04 09:03:35 - INFO - core.ffmpeg_profiles - Detected SD/DVD (720x480).
2026-05-04 09:03:35 - INFO - tv.tv_pipeline - Encoding TV episode: /mnt/bigbrother/TV/Monty Python's Flying Circus/rip/S3D2/F5_t14.mkv -> /mnt/bigbrother/TV/Monty Python's Flying Circus/process/staging/S3D2/F5_t14.mkv using profile sd
2026-05-04 09:03:35 - INFO - core.ffmpeg_runner - FFmpeg CMD: ffmpeg -hide_banner -nostdin -y -vaapi_device /dev/dri/renderD128 -i '/mnt/bigbrother/TV/Monty Python'"'"'s Flying Circus/rip/S3D2/F5_t14.mkv' -map 0:v:0 -map 0:a -map_metadata -1 -vf format=nv12,hwupload -c:v hevc_vaapi -b:v 5M -c:a copy -metadata:s:a:0 language=eng -disposition:a:0 default -max_muxing_queue_size 9999 '/mnt/bigbrother/TV/Monty Python'"'"'s Flying Circus/process/staging/S3D2/F5_t14.mkv'
2026-05-04 09:03:38 - INFO - core.ffmpeg_runner - Encode succeeded: /mnt/bigbrother/TV/Monty Python's Flying Circus/process/staging/S3D2/F5_t14.mkv (80.1 MB)
2026-05-04 09:03:38 - INFO - core.ffmpeg_profiles - Detected SD/DVD (720x480).
2026-05-04 09:03:38 - INFO - tv.tv_pipeline - Encoding TV episode: /mnt/bigbrother/TV/Monty Python's Flying Circus/rip/S4D1/E8_t00.mkv -> /mnt/bigbrother/TV/Monty Python's Flying Circus/process/staging/S4D1/E8_t00.mkv using profile sd
2026-05-04 09:03:38 - INFO - core.ffmpeg_runner - FFmpeg CMD: ffmpeg -hide_banner -nostdin -y -vaapi_device /dev/dri/renderD128 -i '/mnt/bigbrother/TV/Monty Python'"'"'s Flying Circus/rip/S4D1/E8_t00.mkv' -map 0:v:0 -map 0:a -map_metadata -1 -vf format=nv12,hwupload -c:v hevc_vaapi -b:v 5M -c:a copy -metadata:s:a:0 language=eng -disposition:a:0 default -max_muxing_queue_size 9999 '/mnt/bigbrother/TV/Monty Python'"'"'s Flying Circus/process/staging/S4D1/E8_t00.mkv'
2026-05-04 09:03:40 - INFO - core.ffmpeg_runner - Encode succeeded: /mnt/bigbrother/TV/Monty Python's Flying Circus/process/staging/S4D1/E8_t00.mkv (84.8 MB)
2026-05-04 09:03:40 - INFO - core.ffmpeg_profiles - Detected SD/DVD (720x480).
2026-05-04 09:03:40 - INFO - tv.tv_pipeline - Encoding TV episode: /mnt/bigbrother/TV/Monty Python's Flying Circus/rip/S4D1/F3_t01.mkv -> /mnt/bigbrother/TV/Monty Python's Flying Circus/process/staging/S4D1/F3_t01.mkv using profile sd
2026-05-04 09:03:40 - INFO - core.ffmpeg_runner - FFmpeg CMD: ffmpeg -hide_banner -nostdin -y -vaapi_device /dev/dri/renderD128 -i '/mnt/bigbrother/TV/Monty Python'"'"'s Flying Circus/rip/S4D1/F3_t01.mkv' -map 0:v:0 -map 0:a -map_metadata -1 -vf format=nv12,hwupload -c:v hevc_vaapi -b:v 5M -c:a copy -metadata:s:a:0 language=eng -disposition:a:0 default -max_muxing_queue_size 9999 '/mnt/bigbrother/TV/Monty Python'"'"'s Flying Circus/process/staging/S4D1/F3_t01.mkv'
2026-05-04 09:04:00 - INFO - core.ffmpeg_runner - Encode succeeded: /mnt/bigbrother/TV/Monty Python's Flying Circus/process/staging/S4D1/F3_t01.mkv (649.0 MB)
2026-05-04 09:04:00 - INFO - core.ffmpeg_profiles - Detected SD/DVD (720x480).
2026-05-04 09:04:00 - INFO - tv.tv_pipeline - Encoding TV episode: /mnt/bigbrother/TV/Monty Python's Flying Circus/rip/S4D1/C1_t02.mkv -> /mnt/bigbrother/TV/Monty Python's Flying Circus/process/staging/S4D1/C1_t02.mkv using profile sd
2026-05-04 09:04:00 - INFO - core.ffmpeg_runner - FFmpeg CMD: ffmpeg -hide_banner -nostdin -y -vaapi_device /dev/dri/renderD128 -i '/mnt/bigbrother/TV/Monty Python'"'"'s Flying Circus/rip/S4D1/C1_t02.mkv' -map 0:v:0 -map 0:a -map_metadata -1 -vf format=nv12,hwupload -c:v hevc_vaapi -b:v 5M -c:a copy -metadata:s:a:0 language=eng -disposition:a:0 default -max_muxing_queue_size 9999 '/mnt/bigbrother/TV/Monty Python'"'"'s Flying Circus/process/staging/S4D1/C1_t02.mkv'
2026-05-04 09:04:31 - INFO - core.ffmpeg_runner - Encode succeeded: /mnt/bigbrother/TV/Monty Python's Flying Circus/process/staging/S4D1/C1_t02.mkv (1020.6 MB)
2026-05-04 09:04:31 - INFO - core.ffmpeg_profiles - Detected SD/DVD (720x480).
2026-05-04 09:04:31 - INFO - tv.tv_pipeline - Encoding TV episode: /mnt/bigbrother/TV/Monty Python's Flying Circus/rip/S4D1/D2_t03.mkv -> /mnt/bigbrother/TV/Monty Python's Flying Circus/process/staging/S4D1/D2_t03.mkv using profile sd
2026-05-04 09:04:31 - INFO - core.ffmpeg_runner - FFmpeg CMD: ffmpeg -hide_banner -nostdin -y -vaapi_device /dev/dri/renderD128 -i '/mnt/bigbrother/TV/Monty Python'"'"'s Flying Circus/rip/S4D1/D2_t03.mkv' -map 0:v:0 -map 0:a -map_metadata -1 -vf format=nv12,hwupload -c:v hevc_vaapi -b:v 5M -c:a copy -metadata:s:a:0 language=eng -disposition:a:0 default -max_muxing_queue_size 9999 '/mnt/bigbrother/TV/Monty Python'"'"'s Flying Circus/process/staging/S4D1/D2_t03.mkv'
2026-05-04 09:05:03 - INFO - core.ffmpeg_runner - Encode succeeded: /mnt/bigbrother/TV/Monty Python's Flying Circus/process/staging/S4D1/D2_t03.mkv (1052.2 MB)
2026-05-04 09:05:03 - INFO - core.ffmpeg_profiles - Detected SD/DVD (720x480).
2026-05-04 09:05:03 - INFO - tv.tv_pipeline - Encoding TV episode: /mnt/bigbrother/TV/Monty Python's Flying Circus/rip/S4D1/D3_t04.mkv -> /mnt/bigbrother/TV/Monty Python's Flying Circus/process/staging/S4D1/D3_t04.mkv using profile sd
2026-05-04 09:05:03 - INFO - core.ffmpeg_runner - FFmpeg CMD: ffmpeg -hide_banner -nostdin -y -vaapi_device /dev/dri/renderD128 -i '/mnt/bigbrother/TV/Monty Python'"'"'s Flying Circus/rip/S4D1/D3_t04.mkv' -map 0:v:0 -map 0:a -map_metadata -1 -vf format=nv12,hwupload -c:v hevc_vaapi -b:v 5M -c:a copy -metadata:s:a:0 language=eng -disposition:a:0 default -max_muxing_queue_size 9999 '/mnt/bigbrother/TV/Monty Python'"'"'s Flying Circus/process/staging/S4D1/D3_t04.mkv'
2026-05-04 09:05:40 - INFO - core.ffmpeg_runner - Encode succeeded: /mnt/bigbrother/TV/Monty Python's Flying Circus/process/staging/S4D1/D3_t04.mkv (1196.5 MB)
2026-05-04 09:05:40 - INFO - core.ffmpeg_profiles - Detected SD/DVD (720x480).
2026-05-04 09:05:40 - INFO - tv.tv_pipeline - Encoding TV episode: /mnt/bigbrother/TV/Monty Python's Flying Circus/rip/S4D1/D4_t05.mkv -> /mnt/bigbrother/TV/Monty Python's Flying Circus/process/staging/S4D1/D4_t05.mkv using profile sd
2026-05-04 09:05:40 - INFO - core.ffmpeg_runner - FFmpeg CMD: ffmpeg -hide_banner -nostdin -y -vaapi_device /dev/dri/renderD128 -i '/mnt/bigbrother/TV/Monty Python'"'"'s Flying Circus/rip/S4D1/D4_t05.mkv' -map 0:v:0 -map 0:a -map_metadata -1 -vf format=nv12,hwupload -c:v hevc_vaapi -b:v 5M -c:a copy -metadata:s:a:0 language=eng -disposition:a:0 default -max_muxing_queue_size 9999 '/mnt/bigbrother/TV/Monty Python'"'"'s Flying Circus/process/staging/S4D1/D4_t05.mkv'
2026-05-04 09:06:10 - INFO - core.ffmpeg_runner - Encode succeeded: /mnt/bigbrother/TV/Monty Python's Flying Circus/process/staging/S4D1/D4_t05.mkv (966.7 MB)
2026-05-04 09:06:10 - INFO - core.ffmpeg_profiles - Detected SD/DVD (720x480).
2026-05-04 09:06:10 - INFO - tv.tv_pipeline - Encoding TV episode: /mnt/bigbrother/TV/Monty Python's Flying Circus/rip/S4D1/D5_t06.mkv -> /mnt/bigbrother/TV/Monty Python's Flying Circus/process/staging/S4D1/D5_t06.mkv using profile sd
2026-05-04 09:06:10 - INFO - core.ffmpeg_runner - FFmpeg CMD: ffmpeg -hide_banner -nostdin -y -vaapi_device /dev/dri/renderD128 -i '/mnt/bigbrother/TV/Monty Python'"'"'s Flying Circus/rip/S4D1/D5_t06.mkv' -map 0:v:0 -map 0:a -map_metadata -1 -vf format=nv12,hwupload -c:v hevc_vaapi -b:v 5M -c:a copy -metadata:s:a:0 language=eng -disposition:a:0 default -max_muxing_queue_size 9999 '/mnt/bigbrother/TV/Monty Python'"'"'s Flying Circus/process/staging/S4D1/D5_t06.mkv'
2026-05-04 09:06:44 - INFO - core.ffmpeg_runner - Encode succeeded: /mnt/bigbrother/TV/Monty Python's Flying Circus/process/staging/S4D1/D5_t06.mkv (1126.3 MB)
2026-05-04 09:06:44 - INFO - core.ffmpeg_profiles - Detected SD/DVD (720x480).
2026-05-04 09:06:44 - INFO - tv.tv_pipeline - Encoding TV episode: /mnt/bigbrother/TV/Monty Python's Flying Circus/rip/S4D1/D6_t07.mkv -> /mnt/bigbrother/TV/Monty Python's Flying Circus/process/staging/S4D1/D6_t07.mkv using profile sd
2026-05-04 09:06:44 - INFO - core.ffmpeg_runner - FFmpeg CMD: ffmpeg -hide_banner -nostdin -y -vaapi_device /dev/dri/renderD128 -i '/mnt/bigbrother/TV/Monty Python'"'"'s Flying Circus/rip/S4D1/D6_t07.mkv' -map 0:v:0 -map 0:a -map_metadata -1 -vf format=nv12,hwupload -c:v hevc_vaapi -b:v 5M -c:a copy -metadata:s:a:0 language=eng -disposition:a:0 default -max_muxing_queue_size 9999 '/mnt/bigbrother/TV/Monty Python'"'"'s Flying Circus/process/staging/S4D1/D6_t07.mkv'
2026-05-04 09:07:15 - INFO - core.ffmpeg_runner - Encode succeeded: /mnt/bigbrother/TV/Monty Python's Flying Circus/process/staging/S4D1/D6_t07.mkv (1033.4 MB)
2026-05-04 09:07:15 - INFO - core.ffmpeg_profiles - Detected SD/DVD (720x480).
2026-05-04 09:07:15 - INFO - tv.tv_pipeline - Encoding TV episode: /mnt/bigbrother/TV/Monty Python's Flying Circus/rip/S4D1/E1_t08.mkv -> /mnt/bigbrother/TV/Monty Python's Flying Circus/process/staging/S4D1/E1_t08.mkv using profile sd
2026-05-04 09:07:15 - INFO - core.ffmpeg_runner - FFmpeg CMD: ffmpeg -hide_banner -nostdin -y -vaapi_device /dev/dri/renderD128 -i '/mnt/bigbrother/TV/Monty Python'"'"'s Flying Circus/rip/S4D1/E1_t08.mkv' -map 0:v:0 -map 0:a -map_metadata -1 -vf format=nv12,hwupload -c:v hevc_vaapi -b:v 5M -c:a copy -metadata:s:a:0 language=eng -disposition:a:0 default -max_muxing_queue_size 9999 '/mnt/bigbrother/TV/Monty Python'"'"'s Flying Circus/process/staging/S4D1/E1_t08.mkv'
2026-05-04 09:07:18 - INFO - core.ffmpeg_runner - Encode succeeded: /mnt/bigbrother/TV/Monty Python's Flying Circus/process/staging/S4D1/E1_t08.mkv (74.5 MB)
2026-05-04 09:07:18 - INFO - core.ffmpeg_profiles - Detected SD/DVD (720x480).
2026-05-04 09:07:18 - INFO - tv.tv_pipeline - Encoding TV episode: /mnt/bigbrother/TV/Monty Python's Flying Circus/rip/S4D1/E2_t09.mkv -> /mnt/bigbrother/TV/Monty Python's Flying Circus/process/staging/S4D1/E2_t09.mkv using profile sd
2026-05-04 09:07:18 - INFO - core.ffmpeg_runner - FFmpeg CMD: ffmpeg -hide_banner -nostdin -y -vaapi_device /dev/dri/renderD128 -i '/mnt/bigbrother/TV/Monty Python'"'"'s Flying Circus/rip/S4D1/E2_t09.mkv' -map 0:v:0 -map 0:a -map_metadata -1 -vf format=nv12,hwupload -c:v hevc_vaapi -b:v 5M -c:a copy -metadata:s:a:0 language=eng -disposition:a:0 default -max_muxing_queue_size 9999 '/mnt/bigbrother/TV/Monty Python'"'"'s Flying Circus/process/staging/S4D1/E2_t09.mkv'
2026-05-04 09:07:21 - INFO - core.ffmpeg_runner - Encode succeeded: /mnt/bigbrother/TV/Monty Python's Flying Circus/process/staging/S4D1/E2_t09.mkv (109.3 MB)
2026-05-04 09:07:21 - INFO - core.ffmpeg_profiles - Detected SD/DVD (720x480).
2026-05-04 09:07:21 - INFO - tv.tv_pipeline - Encoding TV episode: /mnt/bigbrother/TV/Monty Python's Flying Circus/rip/S4D1/E5_t10.mkv -> /mnt/bigbrother/TV/Monty Python's Flying Circus/process/staging/S4D1/E5_t10.mkv using profile sd
2026-05-04 09:07:21 - INFO - core.ffmpeg_runner - FFmpeg CMD: ffmpeg -hide_banner -nostdin -y -vaapi_device /dev/dri/renderD128 -i '/mnt/bigbrother/TV/Monty Python'"'"'s Flying Circus/rip/S4D1/E5_t10.mkv' -map 0:v:0 -map 0:a -map_metadata -1 -vf format=nv12,hwupload -c:v hevc_vaapi -b:v 5M -c:a copy -metadata:s:a:0 language=eng -disposition:a:0 default -max_muxing_queue_size 9999 '/mnt/bigbrother/TV/Monty Python'"'"'s Flying Circus/process/staging/S4D1/E5_t10.mkv'
2026-05-04 09:07:25 - INFO - core.ffmpeg_runner - Encode succeeded: /mnt/bigbrother/TV/Monty Python's Flying Circus/process/staging/S4D1/E5_t10.mkv (121.9 MB)
2026-05-04 09:07:25 - INFO - core.ffmpeg_profiles - Detected SD/DVD (720x480).
2026-05-04 09:07:25 - INFO - tv.tv_pipeline - Encoding TV episode: /mnt/bigbrother/TV/Monty Python's Flying Circus/rip/S4D1/F2_t11.mkv -> /mnt/bigbrother/TV/Monty Python's Flying Circus/process/staging/S4D1/F2_t11.mkv using profile sd
2026-05-04 09:07:25 - INFO - core.ffmpeg_runner - FFmpeg CMD: ffmpeg -hide_banner -nostdin -y -vaapi_device /dev/dri/renderD128 -i '/mnt/bigbrother/TV/Monty Python'"'"'s Flying Circus/rip/S4D1/F2_t11.mkv' -map 0:v:0 -map 0:a -map_metadata -1 -vf format=nv12,hwupload -c:v hevc_vaapi -b:v 5M -c:a copy -metadata:s:a:0 language=eng -disposition:a:0 default -max_muxing_queue_size 9999 '/mnt/bigbrother/TV/Monty Python'"'"'s Flying Circus/process/staging/S4D1/F2_t11.mkv'
2026-05-04 09:07:28 - INFO - core.ffmpeg_runner - Encode succeeded: /mnt/bigbrother/TV/Monty Python's Flying Circus/process/staging/S4D1/F2_t11.mkv (91.6 MB)
2026-05-04 09:07:28 - INFO - core.ffmpeg_profiles - Detected SD/DVD (720x480).
2026-05-04 09:07:28 - INFO - tv.tv_pipeline - Encoding TV episode: /mnt/bigbrother/TV/Monty Python's Flying Circus/rip/S4D1/F4_t12.mkv -> /mnt/bigbrother/TV/Monty Python's Flying Circus/process/staging/S4D1/F4_t12.mkv using profile sd
2026-05-04 09:07:28 - INFO - core.ffmpeg_runner - FFmpeg CMD: ffmpeg -hide_banner -nostdin -y -vaapi_device /dev/dri/renderD128 -i '/mnt/bigbrother/TV/Monty Python'"'"'s Flying Circus/rip/S4D1/F4_t12.mkv' -map 0:v:0 -map 0:a -map_metadata -1 -vf format=nv12,hwupload -c:v hevc_vaapi -b:v 5M -c:a copy -metadata:s:a:0 language=eng -disposition:a:0 default -max_muxing_queue_size 9999 '/mnt/bigbrother/TV/Monty Python'"'"'s Flying Circus/process/staging/S4D1/F4_t12.mkv'
2026-05-04 09:07:50 - INFO - core.ffmpeg_runner - Encode succeeded: /mnt/bigbrother/TV/Monty Python's Flying Circus/process/staging/S4D1/F4_t12.mkv (719.1 MB)
2026-05-04 09:07:50 - INFO - tv.tv_pipeline - Rendered sequential TV file: /mnt/bigbrother/TV/Monty Python's Flying Circus/Plex Movie Files/Season 1/Monty Python's Flying Circus S01E01_.mkv -> /mnt/bigbrother/TV/Monty Python's Flying Circus/process/staging/S1D1/C1_t00.mkv
2026-05-04 09:07:50 - INFO - tv.tv_pipeline - Rendered sequential TV file: /mnt/bigbrother/TV/Monty Python's Flying Circus/Plex Movie Files/Season 1/Monty Python's Flying Circus S01E02_.mkv -> /mnt/bigbrother/TV/Monty Python's Flying Circus/process/staging/S1D1/D2_t01.mkv
2026-05-04 09:07:50 - INFO - tv.tv_pipeline - Rendered sequential TV file: /mnt/bigbrother/TV/Monty Python's Flying Circus/Plex Movie Files/Season 1/Monty Python's Flying Circus S01E03_.mkv -> /mnt/bigbrother/TV/Monty Python's Flying Circus/process/staging/S1D1/D3_t02.mkv
2026-05-04 09:07:50 - INFO - tv.tv_pipeline - Rendered sequential TV file: /mnt/bigbrother/TV/Monty Python's Flying Circus/Plex Movie Files/Season 1/Monty Python's Flying Circus S01E04_.mkv -> /mnt/bigbrother/TV/Monty Python's Flying Circus/process/staging/S1D1/D4_t03.mkv
2026-05-04 09:07:50 - INFO - tv.tv_pipeline - Rendered sequential TV file: /mnt/bigbrother/TV/Monty Python's Flying Circus/Plex Movie Files/Season 1/Monty Python's Flying Circus S01E05_.mkv -> /mnt/bigbrother/TV/Monty Python's Flying Circus/process/staging/S1D1/D5_t04.mkv
2026-05-04 09:07:50 - INFO - tv.tv_pipeline - Rendered sequential TV file: /mnt/bigbrother/TV/Monty Python's Flying Circus/Plex Movie Files/Season 1/Monty Python's Flying Circus S01E06_.mkv -> /mnt/bigbrother/TV/Monty Python's Flying Circus/process/staging/S1D1/D6_t05.mkv
2026-05-04 09:07:50 - INFO - tv.tv_pipeline - Rendered sequential TV file: /mnt/bigbrother/TV/Monty Python's Flying Circus/Plex Movie Files/Season 1/Monty Python's Flying Circus S01E07_.mkv -> /mnt/bigbrother/TV/Monty Python's Flying Circus/process/staging/S1D1/C1_t06.mkv
2026-05-04 09:07:50 - INFO - tv.tv_pipeline - Rendered sequential TV file: /mnt/bigbrother/TV/Monty Python's Flying Circus/Plex Movie Files/Season 1/Monty Python's Flying Circus S01E08_.mkv -> /mnt/bigbrother/TV/Monty Python's Flying Circus/process/staging/S1D2/E1_t00.mkv
2026-05-04 09:07:50 - INFO - tv.tv_pipeline - Rendered sequential TV file: /mnt/bigbrother/TV/Monty Python's Flying Circus/Plex Movie Files/Season 1/Monty Python's Flying Circus S01E09_.mkv -> /mnt/bigbrother/TV/Monty Python's Flying Circus/process/staging/S1D2/E2_t01.mkv
2026-05-04 09:07:50 - INFO - tv.tv_pipeline - Rendered sequential TV file: /mnt/bigbrother/TV/Monty Python's Flying Circus/Plex Movie Files/Season 1/Monty Python's Flying Circus S01E10_.mkv -> /mnt/bigbrother/TV/Monty Python's Flying Circus/process/staging/S1D2/C1_t02.mkv
2026-05-04 09:07:50 - INFO - tv.tv_pipeline - Rendered sequential TV file: /mnt/bigbrother/TV/Monty Python's Flying Circus/Plex Movie Files/Season 1/Monty Python's Flying Circus S01E11_.mkv -> /mnt/bigbrother/TV/Monty Python's Flying Circus/process/staging/S1D2/D2_t03.mkv
2026-05-04 09:07:50 - INFO - tv.tv_pipeline - Rendered sequential TV file: /mnt/bigbrother/TV/Monty Python's Flying Circus/Plex Movie Files/Season 1/Monty Python's Flying Circus S01E12_.mkv -> /mnt/bigbrother/TV/Monty Python's Flying Circus/process/staging/S1D2/D3_t04.mkv
2026-05-04 09:07:50 - INFO - tv.tv_pipeline - Rendered sequential TV file: /mnt/bigbrother/TV/Monty Python's Flying Circus/Plex Movie Files/Season 1/Monty Python's Flying Circus S01E13_.mkv -> /mnt/bigbrother/TV/Monty Python's Flying Circus/process/staging/S1D2/D4_t05.mkv
2026-05-04 09:07:50 - INFO - tv.tv_pipeline - Rendered sequential TV file: /mnt/bigbrother/TV/Monty Python's Flying Circus/Plex Movie Files/Season 1/Monty Python's Flying Circus S01E14_.mkv -> /mnt/bigbrother/TV/Monty Python's Flying Circus/process/staging/S1D2/D5_t06.mkv
2026-05-04 09:07:50 - INFO - tv.tv_pipeline - Rendered sequential TV file: /mnt/bigbrother/TV/Monty Python's Flying Circus/Plex Movie Files/Season 1/Monty Python's Flying Circus S01E15_.mkv -> /mnt/bigbrother/TV/Monty Python's Flying Circus/process/staging/S1D2/D6_t07.mkv
2026-05-04 09:07:50 - INFO - tv.tv_pipeline - Rendered sequential TV file: /mnt/bigbrother/TV/Monty Python's Flying Circus/Plex Movie Files/Season 1/Monty Python's Flying Circus S01E16_.mkv -> /mnt/bigbrother/TV/Monty Python's Flying Circus/process/staging/S1D2/E3_t08.mkv
2026-05-04 09:07:50 - INFO - tv.tv_pipeline - Rendered sequential TV file: /mnt/bigbrother/TV/Monty Python's Flying Circus/Plex Movie Files/Season 1/Monty Python's Flying Circus S01E17_.mkv -> /mnt/bigbrother/TV/Monty Python's Flying Circus/process/staging/S1D2/E4_t09.mkv
2026-05-04 09:07:50 - INFO - tv.tv_pipeline - Rendered sequential TV file: /mnt/bigbrother/TV/Monty Python's Flying Circus/Plex Movie Files/Season 2/Monty Python's Flying Circus S02E01_.mkv -> /mnt/bigbrother/TV/Monty Python's Flying Circus/process/staging/S2D1/C1_t00.mkv
2026-05-04 09:07:50 - INFO - tv.tv_pipeline - Rendered sequential TV file: /mnt/bigbrother/TV/Monty Python's Flying Circus/Plex Movie Files/Season 2/Monty Python's Flying Circus S02E02_.mkv -> /mnt/bigbrother/TV/Monty Python's Flying Circus/process/staging/S2D1/D2_t01.mkv
2026-05-04 09:07:50 - INFO - tv.tv_pipeline - Rendered sequential TV file: /mnt/bigbrother/TV/Monty Python's Flying Circus/Plex Movie Files/Season 2/Monty Python's Flying Circus S02E03_.mkv -> /mnt/bigbrother/TV/Monty Python's Flying Circus/process/staging/S2D1/D3_t02.mkv
2026-05-04 09:07:50 - INFO - tv.tv_pipeline - Rendered sequential TV file: /mnt/bigbrother/TV/Monty Python's Flying Circus/Plex Movie Files/Season 2/Monty Python's Flying Circus S02E04_.mkv -> /mnt/bigbrother/TV/Monty Python's Flying Circus/process/staging/S2D1/D4_t03.mkv
2026-05-04 09:07:50 - INFO - tv.tv_pipeline - Rendered sequential TV file: /mnt/bigbrother/TV/Monty Python's Flying Circus/Plex Movie Files/Season 2/Monty Python's Flying Circus S02E05_.mkv -> /mnt/bigbrother/TV/Monty Python's Flying Circus/process/staging/S2D1/D5_t04.mkv
2026-05-04 09:07:50 - INFO - tv.tv_pipeline - Rendered sequential TV file: /mnt/bigbrother/TV/Monty Python's Flying Circus/Plex Movie Files/Season 2/Monty Python's Flying Circus S02E06_.mkv -> /mnt/bigbrother/TV/Monty Python's Flying Circus/process/staging/S2D1/D6_t05.mkv
2026-05-04 09:07:50 - INFO - tv.tv_pipeline - Rendered sequential TV file: /mnt/bigbrother/TV/Monty Python's Flying Circus/Plex Movie Files/Season 2/Monty Python's Flying Circus S02E07_.mkv -> /mnt/bigbrother/TV/Monty Python's Flying Circus/process/staging/S2D1/C1_t06.mkv
2026-05-04 09:07:50 - INFO - tv.tv_pipeline - Rendered sequential TV file: /mnt/bigbrother/TV/Monty Python's Flying Circus/Plex Movie Files/Season 2/Monty Python's Flying Circus S02E08_.mkv -> /mnt/bigbrother/TV/Monty Python's Flying Circus/process/staging/S2D2/E7_t00.mkv
2026-05-04 09:07:50 - INFO - tv.tv_pipeline - Rendered sequential TV file: /mnt/bigbrother/TV/Monty Python's Flying Circus/Plex Movie Files/Season 2/Monty Python's Flying Circus S02E09_.mkv -> /mnt/bigbrother/TV/Monty Python's Flying Circus/process/staging/S2D2/E11_t01.mkv
2026-05-04 09:07:50 - INFO - tv.tv_pipeline - Rendered sequential TV file: /mnt/bigbrother/TV/Monty Python's Flying Circus/Plex Movie Files/Season 2/Monty Python's Flying Circus S02E10_.mkv -> /mnt/bigbrother/TV/Monty Python's Flying Circus/process/staging/S2D2/C1_t02.mkv
2026-05-04 09:07:50 - INFO - tv.tv_pipeline - Rendered sequential TV file: /mnt/bigbrother/TV/Monty Python's Flying Circus/Plex Movie Files/Season 2/Monty Python's Flying Circus S02E11_.mkv -> /mnt/bigbrother/TV/Monty Python's Flying Circus/process/staging/S2D2/D2_t03.mkv
2026-05-04 09:07:50 - INFO - tv.tv_pipeline - Rendered sequential TV file: /mnt/bigbrother/TV/Monty Python's Flying Circus/Plex Movie Files/Season 2/Monty Python's Flying Circus S02E12_.mkv -> /mnt/bigbrother/TV/Monty Python's Flying Circus/process/staging/S2D2/D3_t04.mkv
2026-05-04 09:07:50 - INFO - tv.tv_pipeline - Rendered sequential TV file: /mnt/bigbrother/TV/Monty Python's Flying Circus/Plex Movie Files/Season 2/Monty Python's Flying Circus S02E13_.mkv -> /mnt/bigbrother/TV/Monty Python's Flying Circus/process/staging/S2D2/D4_t05.mkv
2026-05-04 09:07:50 - INFO - tv.tv_pipeline - Rendered sequential TV file: /mnt/bigbrother/TV/Monty Python's Flying Circus/Plex Movie Files/Season 2/Monty Python's Flying Circus S02E14_.mkv -> /mnt/bigbrother/TV/Monty Python's Flying Circus/process/staging/S2D2/D5_t06.mkv
2026-05-04 09:07:50 - INFO - tv.tv_pipeline - Rendered sequential TV file: /mnt/bigbrother/TV/Monty Python's Flying Circus/Plex Movie Files/Season 2/Monty Python's Flying Circus S02E15_.mkv -> /mnt/bigbrother/TV/Monty Python's Flying Circus/process/staging/S2D2/D6_t07.mkv
2026-05-04 09:07:50 - INFO - tv.tv_pipeline - Rendered sequential TV file: /mnt/bigbrother/TV/Monty Python's Flying Circus/Plex Movie Files/Season 2/Monty Python's Flying Circus S02E16_.mkv -> /mnt/bigbrother/TV/Monty Python's Flying Circus/process/staging/S2D2/E1_t08.mkv
2026-05-04 09:07:50 - INFO - tv.tv_pipeline - Rendered sequential TV file: /mnt/bigbrother/TV/Monty Python's Flying Circus/Plex Movie Files/Season 2/Monty Python's Flying Circus S02E17_.mkv -> /mnt/bigbrother/TV/Monty Python's Flying Circus/process/staging/S2D2/E2_t09.mkv
2026-05-04 09:07:50 - INFO - tv.tv_pipeline - Rendered sequential TV file: /mnt/bigbrother/TV/Monty Python's Flying Circus/Plex Movie Files/Season 2/Monty Python's Flying Circus S02E18_.mkv -> /mnt/bigbrother/TV/Monty Python's Flying Circus/process/staging/S2D2/E3_t10.mkv
2026-05-04 09:07:50 - INFO - tv.tv_pipeline - Rendered sequential TV file: /mnt/bigbrother/TV/Monty Python's Flying Circus/Plex Movie Files/Season 2/Monty Python's Flying Circus S02E19_.mkv -> /mnt/bigbrother/TV/Monty Python's Flying Circus/process/staging/S2D2/E4_t11.mkv
2026-05-04 09:07:50 - INFO - tv.tv_pipeline - Rendered sequential TV file: /mnt/bigbrother/TV/Monty Python's Flying Circus/Plex Movie Files/Season 2/Monty Python's Flying Circus S02E20_.mkv -> /mnt/bigbrother/TV/Monty Python's Flying Circus/process/staging/S2D2/E8_t12.mkv
2026-05-04 09:07:50 - INFO - tv.tv_pipeline - Rendered sequential TV file: /mnt/bigbrother/TV/Monty Python's Flying Circus/Plex Movie Files/Season 2/Monty Python's Flying Circus S02E21_.mkv -> /mnt/bigbrother/TV/Monty Python's Flying Circus/process/staging/S2D2/E9_t13.mkv
2026-05-04 09:07:50 - INFO - tv.tv_pipeline - Rendered sequential TV file: /mnt/bigbrother/TV/Monty Python's Flying Circus/Plex Movie Files/Season 2/Monty Python's Flying Circus S02E22_.mkv -> /mnt/bigbrother/TV/Monty Python's Flying Circus/process/staging/S2D2/E10_t14.mkv
2026-05-04 09:07:50 - INFO - tv.tv_pipeline - Rendered sequential TV file: /mnt/bigbrother/TV/Monty Python's Flying Circus/Plex Movie Files/Season 3/Monty Python's Flying Circus S03E01_.mkv -> /mnt/bigbrother/TV/Monty Python's Flying Circus/process/staging/S3D1/C1_t00.mkv
2026-05-04 09:07:50 - INFO - tv.tv_pipeline - Rendered sequential TV file: /mnt/bigbrother/TV/Monty Python's Flying Circus/Plex Movie Files/Season 3/Monty Python's Flying Circus S03E02_.mkv -> /mnt/bigbrother/TV/Monty Python's Flying Circus/process/staging/S3D1/D2_t01.mkv
2026-05-04 09:07:50 - INFO - tv.tv_pipeline - Rendered sequential TV file: /mnt/bigbrother/TV/Monty Python's Flying Circus/Plex Movie Files/Season 3/Monty Python's Flying Circus S03E03_.mkv -> /mnt/bigbrother/TV/Monty Python's Flying Circus/process/staging/S3D1/D3_t02.mkv
2026-05-04 09:07:50 - INFO - tv.tv_pipeline - Rendered sequential TV file: /mnt/bigbrother/TV/Monty Python's Flying Circus/Plex Movie Files/Season 3/Monty Python's Flying Circus S03E04_.mkv -> /mnt/bigbrother/TV/Monty Python's Flying Circus/process/staging/S3D1/D4_t03.mkv
2026-05-04 09:07:50 - INFO - tv.tv_pipeline - Rendered sequential TV file: /mnt/bigbrother/TV/Monty Python's Flying Circus/Plex Movie Files/Season 3/Monty Python's Flying Circus S03E05_.mkv -> /mnt/bigbrother/TV/Monty Python's Flying Circus/process/staging/S3D1/D5_t04.mkv
2026-05-04 09:07:50 - INFO - tv.tv_pipeline - Rendered sequential TV file: /mnt/bigbrother/TV/Monty Python's Flying Circus/Plex Movie Files/Season 3/Monty Python's Flying Circus S03E06_.mkv -> /mnt/bigbrother/TV/Monty Python's Flying Circus/process/staging/S3D1/D6_t05.mkv
2026-05-04 09:07:50 - INFO - tv.tv_pipeline - Rendered sequential TV file: /mnt/bigbrother/TV/Monty Python's Flying Circus/Plex Movie Files/Season 3/Monty Python's Flying Circus S03E07_.mkv -> /mnt/bigbrother/TV/Monty Python's Flying Circus/process/staging/S3D1/C1_t06.mkv
2026-05-04 09:07:50 - INFO - tv.tv_pipeline - Rendered sequential TV file: /mnt/bigbrother/TV/Monty Python's Flying Circus/Plex Movie Files/Season 3/Monty Python's Flying Circus S03E08_.mkv -> /mnt/bigbrother/TV/Monty Python's Flying Circus/process/staging/S3D2/E2_t00.mkv
2026-05-04 09:07:50 - INFO - tv.tv_pipeline - Rendered sequential TV file: /mnt/bigbrother/TV/Monty Python's Flying Circus/Plex Movie Files/Season 3/Monty Python's Flying Circus S03E09_.mkv -> /mnt/bigbrother/TV/Monty Python's Flying Circus/process/staging/S3D2/E3_t01.mkv
2026-05-04 09:07:50 - INFO - tv.tv_pipeline - Rendered sequential TV file: /mnt/bigbrother/TV/Monty Python's Flying Circus/Plex Movie Files/Season 3/Monty Python's Flying Circus S03E10_.mkv -> /mnt/bigbrother/TV/Monty Python's Flying Circus/process/staging/S3D2/E4_t02.mkv
2026-05-04 09:07:50 - INFO - tv.tv_pipeline - Rendered sequential TV file: /mnt/bigbrother/TV/Monty Python's Flying Circus/Plex Movie Files/Season 3/Monty Python's Flying Circus S03E11_.mkv -> /mnt/bigbrother/TV/Monty Python's Flying Circus/process/staging/S3D2/F1_t03.mkv
2026-05-04 09:07:50 - INFO - tv.tv_pipeline - Rendered sequential TV file: /mnt/bigbrother/TV/Monty Python's Flying Circus/Plex Movie Files/Season 3/Monty Python's Flying Circus S03E12_.mkv -> /mnt/bigbrother/TV/Monty Python's Flying Circus/process/staging/S3D2/F7_t04.mkv
2026-05-04 09:07:50 - INFO - tv.tv_pipeline - Rendered sequential TV file: /mnt/bigbrother/TV/Monty Python's Flying Circus/Plex Movie Files/Season 3/Monty Python's Flying Circus S03E13_.mkv -> /mnt/bigbrother/TV/Monty Python's Flying Circus/process/staging/S3D2/F8_t05.mkv
2026-05-04 09:07:50 - INFO - tv.tv_pipeline - Rendered sequential TV file: /mnt/bigbrother/TV/Monty Python's Flying Circus/Plex Movie Files/Season 3/Monty Python's Flying Circus S03E14_.mkv -> /mnt/bigbrother/TV/Monty Python's Flying Circus/process/staging/S3D2/C1_t06.mkv
2026-05-04 09:07:50 - INFO - tv.tv_pipeline - Rendered sequential TV file: /mnt/bigbrother/TV/Monty Python's Flying Circus/Plex Movie Files/Season 3/Monty Python's Flying Circus S03E15_.mkv -> /mnt/bigbrother/TV/Monty Python's Flying Circus/process/staging/S3D2/D2_t07.mkv
2026-05-04 09:07:50 - INFO - tv.tv_pipeline - Rendered sequential TV file: /mnt/bigbrother/TV/Monty Python's Flying Circus/Plex Movie Files/Season 3/Monty Python's Flying Circus S03E16_.mkv -> /mnt/bigbrother/TV/Monty Python's Flying Circus/process/staging/S3D2/D3_t08.mkv
2026-05-04 09:07:50 - INFO - tv.tv_pipeline - Rendered sequential TV file: /mnt/bigbrother/TV/Monty Python's Flying Circus/Plex Movie Files/Season 3/Monty Python's Flying Circus S03E17_.mkv -> /mnt/bigbrother/TV/Monty Python's Flying Circus/process/staging/S3D2/D4_t09.mkv
2026-05-04 09:07:50 - INFO - tv.tv_pipeline - Rendered sequential TV file: /mnt/bigbrother/TV/Monty Python's Flying Circus/Plex Movie Files/Season 3/Monty Python's Flying Circus S03E18_.mkv -> /mnt/bigbrother/TV/Monty Python's Flying Circus/process/staging/S3D2/D5_t10.mkv
2026-05-04 09:07:50 - INFO - tv.tv_pipeline - Rendered sequential TV file: /mnt/bigbrother/TV/Monty Python's Flying Circus/Plex Movie Files/Season 3/Monty Python's Flying Circus S03E19_.mkv -> /mnt/bigbrother/TV/Monty Python's Flying Circus/process/staging/S3D2/D6_t11.mkv
2026-05-04 09:07:50 - INFO - tv.tv_pipeline - Rendered sequential TV file: /mnt/bigbrother/TV/Monty Python's Flying Circus/Plex Movie Files/Season 3/Monty Python's Flying Circus S03E20_.mkv -> /mnt/bigbrother/TV/Monty Python's Flying Circus/process/staging/S3D2/A36_t12.mkv
2026-05-04 09:07:50 - INFO - tv.tv_pipeline - Rendered sequential TV file: /mnt/bigbrother/TV/Monty Python's Flying Circus/Plex Movie Files/Season 3/Monty Python's Flying Circus S03E21_.mkv -> /mnt/bigbrother/TV/Monty Python's Flying Circus/process/staging/S3D2/E5_t13.mkv
2026-05-04 09:07:50 - INFO - tv.tv_pipeline - Rendered sequential TV file: /mnt/bigbrother/TV/Monty Python's Flying Circus/Plex Movie Files/Season 3/Monty Python's Flying Circus S03E22_.mkv -> /mnt/bigbrother/TV/Monty Python's Flying Circus/process/staging/S3D2/F5_t14.mkv
2026-05-04 09:07:50 - INFO - tv.tv_pipeline - Rendered sequential TV file: /mnt/bigbrother/TV/Monty Python's Flying Circus/Plex Movie Files/Season 4/Monty Python's Flying Circus S04E01_.mkv -> /mnt/bigbrother/TV/Monty Python's Flying Circus/process/staging/S4D1/E8_t00.mkv
2026-05-04 09:07:50 - INFO - tv.tv_pipeline - Rendered sequential TV file: /mnt/bigbrother/TV/Monty Python's Flying Circus/Plex Movie Files/Season 4/Monty Python's Flying Circus S04E02_.mkv -> /mnt/bigbrother/TV/Monty Python's Flying Circus/process/staging/S4D1/F3_t01.mkv
2026-05-04 09:07:50 - INFO - tv.tv_pipeline - Rendered sequential TV file: /mnt/bigbrother/TV/Monty Python's Flying Circus/Plex Movie Files/Season 4/Monty Python's Flying Circus S04E03_.mkv -> /mnt/bigbrother/TV/Monty Python's Flying Circus/process/staging/S4D1/C1_t02.mkv
2026-05-04 09:07:50 - INFO - tv.tv_pipeline - Rendered sequential TV file: /mnt/bigbrother/TV/Monty Python's Flying Circus/Plex Movie Files/Season 4/Monty Python's Flying Circus S04E04_.mkv -> /mnt/bigbrother/TV/Monty Python's Flying Circus/process/staging/S4D1/D2_t03.mkv
2026-05-04 09:07:50 - INFO - tv.tv_pipeline - Rendered sequential TV file: /mnt/bigbrother/TV/Monty Python's Flying Circus/Plex Movie Files/Season 4/Monty Python's Flying Circus S04E05_.mkv -> /mnt/bigbrother/TV/Monty Python's Flying Circus/process/staging/S4D1/D3_t04.mkv
2026-05-04 09:07:50 - INFO - tv.tv_pipeline - Rendered sequential TV file: /mnt/bigbrother/TV/Monty Python's Flying Circus/Plex Movie Files/Season 4/Monty Python's Flying Circus S04E06_.mkv -> /mnt/bigbrother/TV/Monty Python's Flying Circus/process/staging/S4D1/D4_t05.mkv
2026-05-04 09:07:50 - INFO - tv.tv_pipeline - Rendered sequential TV file: /mnt/bigbrother/TV/Monty Python's Flying Circus/Plex Movie Files/Season 4/Monty Python's Flying Circus S04E07_.mkv -> /mnt/bigbrother/TV/Monty Python's Flying Circus/process/staging/S4D1/D5_t06.mkv
2026-05-04 09:07:50 - INFO - tv.tv_pipeline - Rendered sequential TV file: /mnt/bigbrother/TV/Monty Python's Flying Circus/Plex Movie Files/Season 4/Monty Python's Flying Circus S04E08_.mkv -> /mnt/bigbrother/TV/Monty Python's Flying Circus/process/staging/S4D1/D6_t07.mkv
2026-05-04 09:07:50 - INFO - tv.tv_pipeline - Rendered sequential TV file: /mnt/bigbrother/TV/Monty Python's Flying Circus/Plex Movie Files/Season 4/Monty Python's Flying Circus S04E09_.mkv -> /mnt/bigbrother/TV/Monty Python's Flying Circus/process/staging/S4D1/E1_t08.mkv
2026-05-04 09:07:50 - INFO - tv.tv_pipeline - Rendered sequential TV file: /mnt/bigbrother/TV/Monty Python's Flying Circus/Plex Movie Files/Season 4/Monty Python's Flying Circus S04E10_.mkv -> /mnt/bigbrother/TV/Monty Python's Flying Circus/process/staging/S4D1/E2_t09.mkv
2026-05-04 09:07:50 - INFO - tv.tv_pipeline - Rendered sequential TV file: /mnt/bigbrother/TV/Monty Python's Flying Circus/Plex Movie Files/Season 4/Monty Python's Flying Circus S04E11_.mkv -> /mnt/bigbrother/TV/Monty Python's Flying Circus/process/staging/S4D1/E5_t10.mkv
2026-05-04 09:07:50 - INFO - tv.tv_pipeline - Rendered sequential TV file: /mnt/bigbrother/TV/Monty Python's Flying Circus/Plex Movie Files/Season 4/Monty Python's Flying Circus S04E12_.mkv -> /mnt/bigbrother/TV/Monty Python's Flying Circus/process/staging/S4D1/F2_t11.mkv
2026-05-04 09:07:50 - INFO - tv.tv_pipeline - Rendered sequential TV file: /mnt/bigbrother/TV/Monty Python's Flying Circus/Plex Movie Files/Season 4/Monty Python's Flying Circus S04E13_.mkv -> /mnt/bigbrother/TV/Monty Python's Flying Circus/process/staging/S4D1/F4_t12.mkv
